pca_00	pca_01	pca_02	pca_03	pca_04	pca_05	pca_06	pca_07	pca_08	pca_09	pca_10	pca_11	pca_12	pca_13	pca_14
-0.07385929882862965	0.13761663194999613	0.06016824902118386	-0.03629823303097958	-0.024136344966447735	-0.007168528687984536	-0.06691740601916615	-0.05433311155042543	0.10156829286964393	-0.18729795751196007	0.19649170967817964	-0.2013459370067479	-0.020528067132293677	0.05485435552994635	-0.02056783992682228
-0.06552199418982985	0.14567226640037967	-0.007281892416638257	0.0676928318504407	0.042370158960959275	0.002783736705338507	-0.011271491140048516	-0.11605091602663019	-0.12059818222325672	-0.1680091824753156	0.12412172235372847	-0.15301326481103011	0.08383628585214715	-0.11937244084143905	-0.02170665285074095
-0.06923826607170314	0.1192666511051994	-0.08686044541825795	-0.039822332685810424	0.008700324233944103	0.018892564508485716	-0.034825228920937895	0.050712216904391566	0.1094163774092284	-0.16665670985760006	0.10185219987999213	-0.09849351810165619	-0.10278008229142675	-0.08705193719797795	0.018122098380438628
-0.06320143871157072	0.11960091440564471	0.05987212144620735	-0.08889908945485575	0.06683104964587719	0.13435797100367805	0.04714484112786074	-0.0833338669229863	-0.05753015693678526	0.0017434260193582851	0.16558167196018186	-0.14307328711862355	0.051611063373129915	0.019014250668864294	0.07858140269441526
-0.07323785738235475	0.09292083349131305	0.03533791708874934	0.1003427774881116	-0.0027794341379993592	0.11763850522288688	0.03996346579887839	0.11818305507461925	0.1616277838538097	-0.0026237926460632444	0.15440124386895293	-0.01711443825990333	0.021119122889695162	-0.08000070320779001	0.03798889588012168
-0.0665117875819336	0.10977156874400805	-0.09963511420872728	-0.018172442674931816	0.039140778056101805	0.09914989220576065	0.08070616607355985	-0.07620697328815257	-0.0432640036903619	-0.033918362009632	0.09278576702539473	0.006686909761612236	-0.06074199803290132	-0.017400950416556045	-0.016634902415971774
-0.07461321087377538	0.10729410737884576	0.05647868291360117	-0.07229072912044954	-0.031032159473734278	0.0402323993458118	-0.013363650832896867	0.10201876694706583	0.053576263703171687	-0.08483683872012182	0.07730361189892865	-0.060281131640609914	0.0021122269120415413	0.07309175318479966	-0.08441379858371244
-0.06671113960962886	0.09501020489639365	0.06589779840886459	0.07891618223763869	0.026107984291599662	0.006927579127579089	0.01231065272698359	-0.10624794212931638	-0.02600500824386151	-0.10880098536145102	0.046962884418208416	-0.021734360900974525	0.03072963215513966	-0.09178319593420438	0.004592055182117638
-0.07025327930089807	0.08722577732266476	-0.09938947280547522	0.003902982910254593	-0.0035104509777635975	0.01865202704748608	-0.06300523556175525	0.05054792303471439	0.07545684969441012	-0.08924245619726143	0.032076780018464535	-0.007194037536733824	-0.13919569173312032	-0.003102412153790946	-0.01579501815789245
-0.0608866618819781	0.09725061315255511	0.045481313380898086	-0.08266723536653198	0.06163966905538004	0.08273649284110778	0.030723653252532512	-0.11385498487115814	-0.00682428511835792	-0.04409941633117656	-0.0022594536042483404	-0.15793171349200608	0.0475404767987336	0.06271791706980258	-0.01527681783626941
-0.06883949870289971	0.07925607175391046	0.032889561903168676	0.10959437658018925	0.019856861131285986	0.09746111081602246	-0.00020882820620149456	0.11958449761571635	0.05446584222019327	-0.01925323953485153	-0.010894066960208393	-0.07404466669917542	-0.028699226837317723	-0.10895601419499751	-0.004907337748160864
-0.06457094031595031	0.07665856604306058	-0.10170981318762105	-0.029308758394307546	0.045808218530379134	0.09353327748793974	0.03917042823077177	-0.07754615329328868	0.005319401818018238	-0.049570703946000994	-0.02688934705459539	-0.009150652959468722	-0.06565274090256579	-0.022150442446014194	-0.017183039490283204
-0.06937410515032529	0.06104615452209524	0.07084889511756748	-0.04631525543697253	0.011962990004790019	0.07604246607876836	-0.05162108248129044	0.0804723255204075	0.04885282549286142	-0.0640114483479031	-0.050483818525941276	-0.04136846081836637	-0.01861686056068669	0.12089531695067579	-0.09330043675967484
-0.06749359258529833	0.07443071550812168	0.0007913123918481004	0.09391447038175749	0.01994678901710421	0.08943474046333026	0.030727017272117553	-0.12421316064350207	0.013908929553406973	-0.05158175813794719	-0.0848748188062095	-0.0805819502332884	0.10052475665159284	-0.04942727872739237	-0.06048563893400438
-0.07330577654242036	0.05454587903013703	-0.0864466127835424	-0.05486972433453477	-0.02188874490893705	0.08493662479382064	-0.03489672812011746	0.11820096882690097	-0.002578645554572656	-0.016085693215921182	-0.10217506907655122	0.009380272036408233	-0.08294056200927229	-0.09233330084304836	-0.07560263685834807
-0.06998919592011152	0.05692576450377133	0.08109613107131872	-0.0666077931630008	-0.002351812669764195	0.06491496572378763	0.0022955607263289435	-0.0880242100403027	0.02713622641135141	-0.04666478209371769	-0.060197761311243936	-0.01498077359634313	0.0031149665065763332	0.11097008729039437	-0.12406092224228966
-0.07239247729924572	0.05038373056466144	-0.0015844377302289686	0.10835411656087693	-0.011647406325601515	0.059454159931299655	-0.036222136859992635	0.11054964125163066	-0.02203018895081138	-0.03494710028415485	-0.04957799761916326	-0.04219218004021358	0.05620042252224394	-0.06152192825337812	-0.08224086924553385
-0.0677263170176624	0.06450954513106989	-0.07817967835600387	-0.06344497814749808	0.026883917986880328	0.08438036931782397	0.03069240619834767	-0.1080466544742918	0.05813758005072234	-0.01700050931851399	-0.044532111296933685	0.038282631540703146	-0.0639934044092323	-0.061219675398254875	0.013324331662164839
-0.07567483611586032	0.04557267802464076	0.09263767926798616	-0.018963174792464964	-0.04594603475950951	0.08185024963009055	0.03200615042412318	0.09328784089687492	-0.07427562066404397	0.020403951110490037	-0.05586355436919882	-0.009068632791690734	-0.09114523540704315	0.05908958409173326	-0.063553357864196
-0.07020068442578538	0.07080200880516956	-0.023252283326004094	0.10086186815504197	0.012879704408889987	0.05700448243879484	-0.02099388356943694	-0.03161144398894349	0.05832354055217295	-0.05019822777241116	-0.025190198035777253	0.012965634196431985	0.09584366186873415	0.01997418050164168	-0.06820787383599766
-0.08056617905087776	0.04350030533650146	-0.06879248644618788	-0.06360690254760029	-0.11687422240491828	-0.06252076932561783	-0.059179585339928835	0.06042311819288147	-0.09053608891983268	-0.013787650681275684	0.030083929661969197	0.04683129088389919	-0.038493246262329806	-0.09326171971901387	-0.09636041662122531
-0.06836883534328556	0.0727165728893468	0.08065540276304894	-0.052023145267807686	0.001980377694494301	-0.015744283858117242	-0.03048455170070642	-0.0855355559092878	0.03293531494587468	-0.12932278233274513	-0.0032461951956724976	0.015503986963535818	-0.041029922394871576	0.11743063720611441	-0.06697082154878879
-0.07837557981046919	0.044237255517306624	0.006249066258550574	0.11211150823175814	-0.07333751141922784	0.04181039797988089	0.002332603496099214	0.09059889621391795	-0.07834595173845567	0.03324949758448945	-0.008582195962849079	-0.08597341182290348	0.01964965245996808	-0.07877363467152748	-0.056408064955964926
-0.07069631449408292	0.062356543338187895	-0.08880642946168112	-0.04679793424362358	0.009169141482582925	0.05931371471922814	-0.02823186333005758	0.007231486940733358	0.08089833107150378	-0.02429918001191733	-0.007723443912310903	0.07559639952205004	-0.1261287059384586	-0.059806846301473676	-0.0023787901720573323
-0.08166463270378489	0.04108825027597123	0.08680470750439445	-0.0385795162963108	-0.12472435404130537	-0.0005024919012579276	-0.014043362467089367	0.03585290802059843	-0.0868548290032838	0.03689374079451144	-0.013067088593183264	-0.010490009091332589	-0.04527238849686496	0.08045396080436462	-0.1803965243234461
-0.06756152911324768	0.07211171071291962	0.002929708393394229	0.0978411830937929	0.017852827510752525	-0.06115788410514924	-0.05868099397240926	-0.008575546302415367	0.09830554260240625	-0.19453112631571756	-0.048999398998418014	0.021327860627754904	0.07050935603248162	0.005035626002518299	-0.05013988289897364
-0.07959434445440261	0.044668299937415286	-0.07692470175011351	-0.05184464590426179	-0.1340980721537751	-0.08759481981663558	-0.08451715914191356	-0.1201809129922888	-0.13314636283950274	-0.021672708866593463	0.015912546975578378	0.004148448314339206	-0.06445504588213974	-0.13034938095654144	-0.0989553337664855
-0.06907298920670764	0.050216633920837014	0.08963353040583186	-0.05458104628232116	-0.010430820916565107	-0.08348909590446275	-0.04840529059151514	0.022223709588697776	-0.029391251438330514	-0.16630507579457862	-0.05623955087285683	-0.031422735117900745	-0.07470798291588487	0.06940561915514243	0.0025194032114392445
-0.07243463539287112	0.029367213313314617	-0.0034824742378821725	0.09925187855310892	-0.05364949590702696	0.0002677135234178967	-0.09196706839849988	-0.07704139392310182	-0.006188665486854467	0.03334055089679417	-0.025426939782693586	-0.1655588366214526	0.029317041138053668	-0.07720132321918055	0.06592548155897857
-0.07034938968297251	0.023817119644887943	-0.0784884241270609	-0.058770660251991735	-0.02201798515426925	0.0013474196745301057	0.06633758714311383	0.03557084510550416	0.007376359209765587	-0.009467963268977513	-0.06991326860993985	-0.02105262139956009	-0.13215857051727647	-0.08764800447226004	0.08891128110126402
-0.06962988467330718	0.034419439816574374	0.08100430229645825	-0.03232736328576004	-0.03278569633107338	0.07341815464259165	-0.04730794506405667	-0.07300959212162694	-0.041420556742216806	0.0897044836764863	-0.011156514737518363	-0.04468305353527192	-0.09643741388140645	0.09247653610814917	-0.010828997941727356
-0.0776180277997004	0.011753564148973935	-0.006002121868807783	0.10239414511031397	-0.1050489569079429	-0.05660914612692218	0.074696800838675	0.07416193137560728	-0.01463656565183986	-0.01359138020083008	-0.04141205818012253	-0.02800330498124936	0.04944425257148144	-0.011437878582231309	-0.07015070517112872
-0.0687575414592795	0.022973254776590724	-0.0768079206926121	-0.06198645736971303	-0.020742508407117524	-0.049601906178083036	-0.09517172118236258	-0.0610576090903957	-0.07389681962739472	-0.0063931552291608285	0.01130534363770019	0.09179406291483438	-0.018129299602702938	-0.10290978835147264	-0.0666464367277886
-0.07486994706521984	0.005726565186505645	0.10353509598311299	-0.04092965959644375	-0.08225224806497954	-0.05840546340220333	0.019934054180078868	0.0461446218733961	-0.07670709108131009	-0.003304810128530636	-0.022678870413684625	-0.010431913919748959	-0.07805238199485395	0.05902192596810236	-0.07146696543262866
-0.06406461058947015	0.04049384215735847	-0.013682651527621418	0.09907411610790313	0.04121136611566983	0.054510046277279046	-0.07194484147543606	-0.022387706469765355	0.0024071716236741016	0.02700852282075502	-0.013751925404531176	-0.006839528159090282	0.10460988693260385	-0.04324192496894494	-0.0436630665424482
-0.07453277943218554	0.0221678122832987	-0.06498279822590679	-0.06891475789228226	-0.08319491647015032	-0.02089586171744705	0.10275041841185031	0.0505695428223449	-0.031012467644717583	-0.008315982242173245	-0.055216936555065	0.02639921559738847	-0.07632130612457981	-0.10690191442999623	-0.06049973173336622
-0.06240891141407481	0.06146401645563289	0.08339328678329651	-0.043465737953409245	0.06213415276789836	0.05561294834618646	-0.09752009901365982	-0.01827724205061493	-0.008997386688440297	-0.02822936213557308	-0.01214076425166787	0.01939959521167377	-0.020750489160225555	0.09072639431807349	-0.06695339446814463
-0.08317453320901182	-0.0007699368031366632	0.034991862187237835	0.10119083543353043	-0.16874449131101438	-0.07658998489332883	0.09583721567310521	0.022668987266643494	-0.04371244726052805	0.05060383327760048	0.008830778007327332	-0.05005586003323747	0.016507880375546274	-0.07619990160559582	-0.0930496173763283
-0.05879658921412813	0.042855318404629486	-0.10136278942736895	-0.0032415289238837707	0.09579347352468755	0.03988387101321768	-0.08744755209791198	0.05741692893803182	0.015448574745225341	-0.07107299624359643	-0.029213754546682513	0.05502636249694407	-0.10375531243934925	0.02036017028017684	0.008232354804372542
-0.07901036774076081	0.016700957702519528	0.043351834943951	-0.07608839312164294	-0.13697887785207638	0.010254943588110237	0.04071331394718979	-0.054496140926129255	0.011148837894734719	0.12250096261398752	0.005053397980243813	-0.1431481860500565	0.010819286647286106	0.04718988318328254	-0.05749126899091749
-0.06234217723316691	0.03890668500495789	0.07204562350068928	0.0762146522600159	0.07645612952297415	0.08594970814561334	0.008129993322362607	0.03261590281291399	0.06033883890388779	0.012505162167364275	-0.05221571615634857	0.03997938251056013	-0.02126054304605393	-0.09145063158339603	0.06273410226842153
-0.08001922037067784	0.021776653481004993	-0.09407828465589356	0.022291342562515064	-0.13210643436453998	0.017180615035349466	0.03944330968174221	-0.08757693534552835	0.0014957491167882442	0.1285680591512856	0.018935334848059458	-0.010479648177649731	-0.11416123538389472	0.06252866207808755	-0.056903260608344504
-0.06145435767872592	0.035961908902240165	0.02945394165584359	-0.09269506340538877	0.05162404942130537	0.02826089516638586	0.016175419239799788	0.03954610617817848	-0.023096475375924443	-0.054077960550684465	-0.05291070014448353	-0.025051056004514686	0.11964266913833285	0.035807453446009295	-0.002889648405462851
-0.07217305899343442	0.026753694538310637	0.059631770568717296	0.07167850598669447	-0.05100739415907007	0.03606927573060999	0.007399282202982992	-0.0731034735476811	0.053705620551586085	0.08290733649080514	-0.00889066380041122	0.019643426517372956	-0.02040388294738126	-0.11404426921950647	-0.026586587391071906
-0.06032164035479391	0.06947372484424345	-0.10640539736586943	0.03891653266138056	0.07516925728237321	0.06584375074401368	0.07569268377571244	0.028641376300665194	-0.03677880145464764	-0.07521436320491244	0.00515917117568542	0.02080859978082748	0.0012380274459518569	0.06758145968269637	0.031913637531142854
-0.06937792246742955	0.0283236328347736	0.004256738988764749	-0.09703241568004098	-0.03367543900887812	0.006824721514388034	0.013810857950806736	-0.04334182046022883	0.09032481654094607	0.061576652508556255	0.05033457854555148	-0.018058232822763764	0.14065023268801857	0.022075763656105946	0.005722977770506619
-0.05844173450375625	0.03794210464684993	0.09574497043261143	0.0448238300056447	0.08036411217587766	0.0263840659660981	0.07447925336589323	0.006557713531979468	-0.020750935124948133	-0.06521760576659517	0.014703011934188097	0.11143831074242755	0.0030193606246157914	-0.046868084782846806	0.06895876464159661
-0.06920326572206871	0.02467637801550765	-0.0826074329368572	0.04897424813266771	-0.020715328554986534	0.030721863706934978	0.010156945836305435	-0.010591464811914782	0.042738575786833335	0.07563777661649097	0.04283568523218964	0.023139479514682013	-0.05014330117025328	0.10897039543230429	-0.024890557730191575
-0.06462128254350967	0.0430720156525731	-0.014427975298745422	-0.107111634858972	0.029273747807748673	0.02784892145288293	0.0785935222106327	0.029435966043400288	-0.005828304890252996	-0.03625710733369024	-0.025912247038172968	0.03204307591486944	0.08379224031003202	-0.04366255824851153	0.044682597458732716
-0.06731024412185678	0.007602997647910826	0.09614191901260043	0.013445189974839428	-0.010053536802253796	0.017529666533054718	-0.025238842373214485	0.011703383484518829	0.02364966495165174	0.07733908277693893	0.038266180440381894	0.08358380400773405	-0.08169594652652098	0.01607281488846706	0.017341468039719674
-0.05541901847700977	0.014823233048533576	-0.03768678586776155	0.09777848842682645	0.07558711231925516	0.01054286683485458	0.09910705035017493	-0.009912431747382756	0.03762518995506195	-0.03488498077243965	0.015476100294011332	0.05261176362361995	0.08728872705939358	0.05429582151537498	0.09466686911408036
-0.06371794018462829	-0.006326375063333396	-0.0571091112450369	-0.06701792175479973	-0.01010925576008134	0.04077508258987778	-0.014059062001431684	-0.003775491619312872	0.047985468385929736	0.14463307675429143	0.051121204258195344	0.05752572397609488	0.006513296685540144	-0.12839077592017037	0.019933613156243722
-0.056978100237134705	0.013547485146051365	0.09955254449775225	-0.019978116774141814	0.04900786747563203	0.018360238184220293	0.13350555722901605	0.011107337486170606	0.035112268360811	-0.034273288257121004	-0.04583391521451931	0.08708548882211012	-0.026290395834117235	0.08511672316262685	0.017932623261503588
-0.06673762416147126	0.0005709766951601823	-0.03635466180968312	0.10340662425933635	-0.018295618175693137	0.01840572957779215	-0.05563250752585528	-0.030189091414858003	-0.05557391932922406	0.1011337574452983	0.030392257397373956	0.009280990828873409	0.09459358893752459	0.02671616280825582	-0.06776531624856029
-0.059475265067582356	0.0075096824505999785	-0.06236579014084471	-0.07372523141606221	0.007331507329836248	-0.11611587164775676	0.07323582242947269	0.05729806391162252	0.00705017631584583	-0.1357259479707594	0.0020293478082415092	0.0916734828403213	0.004542749456561589	-0.05919572355739224	0.01923159504049181
-0.06070971542509524	0.020565729036189927	0.08402233434362244	-0.025604947011459475	0.035471087975293705	0.02354178814461643	-0.06606279877156805	-0.09432457299298995	-0.1130574492621762	0.040440724796371376	0.015144567164038	0.0401884800629682	-0.0903952320987368	0.05700235067965452	-0.018155590633633506
-0.06517895764962191	0.002317435634414492	-0.015662871566464055	0.10286764184096905	-0.016388469359369086	-0.02220923337436359	0.08382415742565108	0.09862578026532559	0.055517774447908466	-0.011681112839292001	-0.03567596202760404	-0.05027129579549677	0.06660813948979648	0.0007037488325460906	-0.012794599179594171
-0.056703320921190785	0.021357597278075974	-0.08887763194627664	-0.0574718747029326	0.06753858846571914	0.0752350517790956	-0.02597074420689053	-0.05359044485496671	-0.05528384199099864	0.03979533221145631	-0.02913266006852212	0.04552546510730632	-0.06868422841976637	-0.1088604960914483	0.010858707803095958
-0.059614248021121204	0.011922604862412636	0.07742636444929497	-0.0598227282694088	0.01767032581408532	-0.015476563260110925	0.08061209516565358	0.08806839537146238	-0.00951004380335072	-0.03105710134335209	0.0017704315726762556	0.012675047116547867	0.014081012747359432	0.11505400210534615	-0.055145359274380266
-0.054542684576800504	0.029327014408978547	0.027364138928852817	0.091967574301874	0.08622988528417594	0.05479332925758991	-0.035737238092685336	-0.07879657266578612	-0.002818204113169636	0.014057037455967833	0.022551315224427597	0.045172023356590256	0.07610027275429626	-0.09262931839827693	-0.02159862625548031
-0.06628028606912768	0.0015053002152133406	-0.09623831621237766	0.006619200260072708	-0.020777468285020504	0.0005273693079608709	0.14908406017373343	0.05367375021450688	-0.021174195464131306	0.00606801614057061	-0.04113801482445086	0.010421052856438937	-0.0589416381227806	0.04529805104086428	0.023153809589613057
-0.05405237827417902	0.02932751642671745	-0.0019378928747717328	-0.09486376494115265	0.09991468956489535	0.10950520846430205	-0.07684406249026458	-0.0064308595819738005	-0.04618111303836815	0.06733415200886834	-0.011719649897033916	-0.033571003071526405	0.11489238795143698	-0.02437916896386403	0.012785151230721195
-0.06645280232966634	0.006325371226676489	0.10199479968639277	0.028126612176228274	-0.03874673592778494	-0.042353633667322844	0.11518957079114836	0.06157361299713862	0.052810179953761575	-0.014344362654105733	-0.04254846094831351	0.013973934937286938	-0.03937190500029389	-0.023328565654106043	-0.023563674405662687
-0.05176128873693565	0.04413525638029882	-0.03085680901989376	0.09062585834832716	0.125994882683744	0.02056050103437062	-0.09842467049109123	0.003248700783461344	-0.09694852616717366	-0.054783579932763025	0.016607669872697597	-0.013848258501051732	0.07855949200092774	0.003054134011460281	0.031812293562688596
-0.06738123934885178	0.007485377442846415	-0.0814420001355013	-0.03545343843557667	-0.06291860040398704	-0.1360021072279152	0.025328155983176868	0.03839848451913971	0.049443367503420314	-0.03438948371419712	0.08424463769363984	0.013297874183052503	-0.06220494200341086	-0.05900698738982547	0.04479502348912126
-0.04689335415013398	0.03077462979921856	0.04117674010405114	-0.08470887248223283	0.13307480527669427	-0.004200870830748307	-0.04465959322276382	-0.006075397179672356	-0.09001005813841507	-0.06640944342831502	0.06245810118551154	-0.054160395922551854	0.05916418768757418	0.09746126335000288	0.09169727418705452
-0.06430026551716443	0.0009169925393184753	0.04908965460280415	0.08811716476425098	-0.013627021366750421	-0.00850283588908358	0.04222582363979333	0.08670918059865414	0.08399482415083659	0.05074833913067223	0.04169461365866257	-0.03494856375042358	0.011590115670241806	-0.11826271020292796	0.12919841315990102
-0.056014205946098905	0.030080466296070307	-0.1106571806870046	0.005391064829373724	0.08923743174731862	0.05498748710855746	0.06355033948629582	-0.05725637210446583	-0.04162772613167833	-9.036806989487105e-05	-0.013565321472333185	-0.014225686747431009	-0.0733103768048159	0.09153764559228812	0.1328831452871664
-0.06812973348861354	0.007933671143944575	0.026443551506662288	-0.09363765078122172	-0.0226163983520678	-0.002096728943315733	-0.014118333470735087	0.10744924135128481	0.08364910343130165	0.05160555508791185	0.0055407816922029155	-0.05595574627064667	0.09241444973736408	0.01789556476079692	0.05758661381463046
-0.05713995440735365	0.024784662274628135	0.08425064158358218	0.022691986314536363	0.07136306449474962	0.02655150119523148	0.026573887136908697	-0.1080702742724441	-0.0011942069606312993	-0.0032681628551295455	0.001144597564304774	0.07952911715685815	-0.02600405912202751	0.015430155770545807	0.06861521655430586
-0.07329476819400553	-0.006226233150139888	-0.04206955890171774	0.10043863195815961	-0.0665442798040684	0.008161040742319613	0.0726671692428691	0.0965555648956685	-0.010165089704529043	0.09414040195810443	0.009677708458942816	-0.03091819743082031	0.055445351518215495	0.0221533483596701	0.03605810903296051
-0.06247636659392504	0.016778938821637588	-0.09609279459333371	-0.04967613964936219	0.046316071731616205	0.0760146130058569	0.0054710624336416986	0.002366809392601129	-0.012568186716127734	0.08415724461693784	0.04428848288890098	0.11332675143571525	-0.02703928248983633	-0.011619787379953415	0.05512313572836605
-0.07645437046212014	-0.018025636999163118	0.07329219274303035	-0.06702769961523364	-0.10363724536129612	-0.033905745679540335	0.07047177482205418	0.10558940877168017	-0.027586114627221492	0.10558217188212829	0.03355677046222041	0.010187633985694361	0.03646411694774646	0.09706273976374888	-0.0062873956629442675
-0.06307886008622114	0.003114852144743381	0.07299884832654743	0.06158099943464955	0.027836582530815557	-0.046599355065219096	-0.07142867552242321	0.0053885981405329565	-0.005069462376502725	0.01453775636984487	0.08029471081527038	0.1620462219798545	0.06423486297234568	-0.047734960854852994	0.047787803041453594
-0.07687057313234505	-0.03196011376174894	-0.06667944973492573	0.06571763843706215	-0.15463638929192025	-0.15830422549601467	0.03168880122886803	0.054034128597070054	-0.07985703629173735	0.04443086703999313	0.11023124579488006	0.08389356411533243	0.014654639352299381	0.08491533224468496	-0.05698190875759902
-0.060394311708971644	-0.005751857593056798	-0.050662829314981284	-0.08515169969192793	0.02855272272227527	-0.07781018845055901	-0.09013986093713966	0.03218578928642419	-0.03783458071335591	-0.019127863196317638	0.06564038963255818	0.18754397039452864	0.11489168031635193	-0.044702700406135235	-0.003562763225727515
-0.07234952244191384	-0.03145590215822392	0.10155616808204965	0.0003570432803277275	-0.10062162002608245	-0.04973899092760948	0.031818655852136515	0.04835063126079656	-0.040827953835447184	0.08142875915687886	-0.012190210778783907	0.07555970918480051	-0.07401984343691113	0.04131370597820239	-0.029996198699790363
-0.05967180766138386	-0.0023321209277280615	-0.0405020740129655	0.0990696364846982	0.05464047170387408	0.025002532526495373	-0.0551354697310335	0.01874791736698052	0.030543297170899562	0.03431585061837299	-0.05956855236777657	0.05771985733690491	0.10904798616026677	0.06064432224372811	0.018751966452338533
-0.07586088756709912	-0.020208218527183453	-0.07006871745891478	-0.05946229953055594	-0.1293766009377843	-0.02638244018761008	0.06138077799143133	0.0035266324572431015	-0.027573818425302488	0.11884834589072367	-0.04994578645767252	0.024571866186691604	-0.047900936736038874	-0.06499860421117971	-0.07643503295548124
-0.05609320239864495	0.007515810566018802	0.048734134479448785	-0.08236203542432997	0.06796957604811146	-0.028634786014082828	-0.04854533165817276	0.05055102666506264	0.05407448531286771	-0.062016550862107035	-0.020442864487498533	0.08829905041116161	0.06327999200319996	0.12350071671931351	0.040583297061656365
-0.07370008902613748	-0.03346032785465292	0.0813929364525138	0.06689936273184686	-0.13276454074963331	-0.12179271905255448	-0.017298172015024052	-0.06469203393905733	-0.01361595310439104	0.09948114087729651	0.054162361709404874	0.053965651308717194	0.021654589953083343	-0.0826823821196535	-0.01567477956156152
-0.054192697971366735	-0.015536966212026068	-0.09445724606717235	0.05557637372852206	0.06902294960128251	-0.047268262197625394	0.00230238685450494	0.04244738065395341	-0.07011421757075413	-0.060246473329440525	-0.006824252191492042	0.13000004334828494	0.031906892393005225	0.09714599279966128	0.05442299635516719
-0.0667223923285635	-0.021457488436914116	-0.008933556528075419	-0.0868675093708885	-0.0681115298085145	-0.04938843528771414	0.0004987509629961217	-0.07561525282341057	0.10000597426576147	0.11875289581776324	0.0126744985506882	-0.011958297776015949	0.14627417786801414	-0.04302270702475775	-0.0019359985400546618
-0.05986267472580642	-0.013002970502645981	0.09726969900483336	0.030408782931224575	0.018143169130170098	-0.008970016863638198	0.053215565584117094	0.019289370111473404	-0.04149788655219944	-0.0062007830176202886	-0.09842589340482769	0.10606272213026202	-0.026447050601967118	-0.025483910913082306	0.04547993762301336
-0.06728547493071135	-0.00556681913776682	-0.05636627482834963	0.0853548499872381	-0.03811497032091373	-0.03305478533888723	-0.014541672690423892	-0.07397162063186441	0.03745750102950866	0.06234968905009939	-0.045728246703992184	0.023785983740372336	0.06598752914441533	0.07737959635567564	-0.03405283245860196
-0.06107735239427659	-0.001276705930910116	-0.05943939395518902	-0.08478172462158814	0.004062144493658159	-0.08235586956940442	-0.009835438452637086	0.07674408755553552	-0.13381798614878834	-0.04983417998737638	0.009100414195513344	0.07392211409181167	0.016095574930527535	-0.05885228676630545	0.02191280527454228
-0.062806592121635	-0.012365098491815824	0.09064101409335697	-0.0006008080056903043	-0.008598985260120358	-0.07341349399773914	-0.03987781041912793	0.013940702539945154	0.10709812289624566	-0.005895570405717637	0.01779811677513873	0.06783698638361055	-0.10583016269373094	0.08813875968617516	0.104612222423996
-0.06030058591927817	-0.013304580100123463	-0.06435184943206926	0.06509743536936494	0.014908394707536573	-0.015514983753102082	0.03671918009917111	-0.05954803404513483	-0.04642667232327695	0.038896144257066945	-0.05551660904733072	-0.01849603261253283	0.025488904271624736	0.11713681748553118	0.127708980968674
-0.0660950687798856	-0.029876756546616968	-0.00944401785498488	-0.09138256318217253	-0.05751297891212651	-0.024540897134496573	-0.02193309625484541	0.009285938655461628	0.10226816261363553	0.11941506382070773	-0.04954372769363669	-0.039780677720362326	0.07385238872928411	-0.011721948687771457	0.05558790297586452
-0.05678283625823945	-0.014191192172230145	0.10703896772375987	0.021526210918753296	0.04776962666307651	-0.0016582770758732043	0.05147731923061512	-0.014996679469070297	-0.05527977704824052	0.017884326322026387	-0.0593088927647237	0.04647257446094967	-0.04067443853569271	0.003917007931515287	0.15409020333046625
-0.0635378612927099	-0.0393261417365503	-0.039460818765269266	0.09578443598231763	-0.037935650881224636	-0.07258965549235731	-0.0634346568341756	0.021476895561276205	0.07663555362736849	0.07424552969505543	0.02582029748622388	-0.00023852365939219095	0.04347143035306756	0.08496133681433803	0.10105422903894773
-0.056690038722133164	-0.021275555061191144	-0.07678288865362	-0.06069573314221816	0.025526524078589616	-0.057073544333499635	0.003467077015289378	-0.03899941455798607	-0.027135159388398486	0.009021040199471347	0.007914552884662836	0.0975168897445563	0.00046739811684207145	-0.05278066587032051	0.09956207187421229
-0.06189855729027878	-0.04504077514146395	0.0733711750105092	-0.038888322486862976	-0.04026573383441856	-0.028692245523105578	-0.019808382341365657	0.044183712724319486	0.03498448715356964	0.09557052781290233	-0.021269581858843725	0.03077073090402461	-0.08581473980301323	0.159201976393179	0.008982910614750561
-0.045500665419552375	-0.037094656289895354	0.0032448357151290746	0.10531457405583161	0.07913687140024486	0.0137183590476992	0.029862840128785397	-0.020614711043565204	-0.004428017133867058	0.037779805704961526	-0.07896611817519773	-0.0013888056696773508	0.09075720057924404	-0.03114063675758674	0.06607058594510251
-0.05534654593221843	-0.05787810884745914	-0.09713521624035844	-0.03683318326318031	-0.022452552499965386	-0.036390866760138585	-0.03162772312768141	0.03274962061313819	0.05832506504103891	0.10760836224248918	-0.022505935119505927	0.016556303955538927	-0.09459184227170471	0.013472286451636707	0.023564507504921686
-0.04763837938215395	-0.043388165400665486	0.051982678022146074	-0.08975819619640465	0.03998048086257	-0.06753623219898099	0.028572743406998235	-0.029035867178639145	-0.05090445347513687	-0.02437410933474872	-0.04202034433261187	0.03792346293611833	0.12152855605937161	0.07245952143270311	0.045406352654715855
-0.05717073407663211	-0.05840232918080075	0.06938600923192081	0.05656290075459754	-0.034067069854697284	-0.11515814825404241	-0.08370682381892874	-0.004644119014559407	0.033891405271672774	0.042218223253291956	0.005246610592679308	0.060631353003640504	0.01987691840973821	-0.06465327026196364	0.025568300725137227
-0.046748673479665555	-0.06040628980673526	-0.08565905299636299	0.04170189130734384	0.017912305335788505	-0.1279945892922348	0.00983938724330449	-0.023254839575643674	-0.11326759261246236	-0.055257778965612556	-0.054861161413376235	0.026476002656400162	-0.01656125793276018	0.06762872567729443	0.05395918577271837
-0.053096247057853124	-0.054846097426270064	0.0003302057535317574	-0.09474553902640337	-0.02257320669625616	-0.10621903316072653	-0.11043289975672368	0.011874029959628447	0.0493803334425962	0.03890918383208597	-0.02628357264537198	-0.03678610621112884	0.12041780879861018	0.03160871910815521	0.03842566053876603
-0.04368284933645693	-0.05063551701566082	0.09901968656855899	0.04574348153775756	0.04669197928235048	-0.11294862120545304	0.02113474499967059	-0.0419679241681055	-0.07511345335385627	-0.06203050076716055	-0.034342412719218327	0.08093362539795629	0.027739684262809722	-0.06730245292584565	0.047944906630073496
-0.04942409102549537	-0.05616009030825413	-0.0890381498903467	0.05125986589497033	-0.006922370557233125	-0.11773927335492006	-0.10747870709688248	-0.025595296344388445	0.04216419195815364	0.012718896668813004	0.031219466716605228	0.022484543942771287	0.01209127087684119	0.12236894048573516	0.013453083250684035
-0.04117358866478652	-0.05917714491122161	-0.016877148382522376	-0.0929770490400115	0.023070081528775342	-0.1030778991369339	0.013062045722944884	-0.07585086978564808	-0.13816983154333048	-0.01940644613069447	-0.01594517719564562	0.006198379471696147	0.10838370735494197	-0.06306859071083042	0.06999378830481139
-0.04181516135421332	-0.07463300961920204	0.08564496442464907	-0.012487701115020622	0.046034090115475046	-0.024341183188880653	-0.10713439260435025	0.07704808974202354	0.0859078779285983	0.062469209123840665	-0.0033588059769568282	0.027259909754727106	-0.06834718445773726	0.07704347245915669	0.0699608492122985
-0.0356011386920824	-0.08433896889023773	0.020809461228008475	0.0946008058805188	0.05709127333951435	0.01922940198331081	0.07764453753070677	-0.09516767881976888	-0.029930353391080737	0.12610480760661658	-0.001733956064394023	-0.03546782800574675	0.056621035735938026	-0.033377679073200536	0.09698667995986993
-0.03861539514984932	-0.07724647688287417	-0.10121916774856163	-0.002721229166566383	0.0433353716690572	0.029683509854767455	-0.008842796543491883	0.1170916537529962	0.05511063058797148	0.12755327045710554	-0.010212716060533884	0.002348642007262828	-0.09008395866042698	0.03812703050064416	0.07192077451920763
-0.02793261297036561	-0.08141766567226551	0.00992209842929917	-0.09953191714033052	0.0595602554071517	-0.03644838415066605	0.04082024345651322	-0.06931416327455911	0.007307053827083185	0.03953274143376863	-0.05273707555610712	-0.057861461467731475	0.11565908809059425	0.06881398909958399	0.08937020165042976
-0.033468833960342906	-0.087619154828139	0.08199429864198071	0.032862236631682744	0.03317079139097785	-0.08378011313031386	-0.1260650882185894	0.013051027757304844	0.05971011903160742	0.04434195731815861	-0.049895286345894345	-0.016541822402902882	-0.05816369647704808	-0.08510850781949218	0.0565213176526211
-0.026885937125933547	-0.08811200817886873	-0.06337604971527519	0.0694087694049733	0.04289280828146859	-0.12684189926581932	-5.774815514239988e-05	-0.11768104950780474	-0.09015028529419215	-0.0660555350201126	-0.0978607936606234	-0.04329938184114678	0.023572311378844652	0.08018747485826379	-0.03756297132883053
-0.027762780185211014	-0.09498661112177885	-0.0275395129599182	-0.0903265180365192	0.04774554285312631	-0.08055016872620344	-0.1543022144042527	0.051808088971149815	0.09045113157161822	0.0037140371270111285	-0.09954081155095894	-0.05697385102096922	0.06470486024431779	-0.080968343738892	-0.026267301867562688
-0.01883054975302426	-0.08425057864488567	0.09656540134003938	0.008566414426007274	0.06850451760824151	-0.015399416013256501	0.07116548109905353	-0.15593612946972585	-0.040627467539491355	0.006751058040154374	-0.09401446424995093	-0.043746908671628865	-0.10469460071732418	-0.02587641312953984	0.016499522903885892
-0.019847302144688498	-0.10236686162531694	-0.06854656487902146	0.07600022852889605	0.0753617604241258	0.012853046055349345	-0.08193988047131659	0.11981769056875485	0.04357441563258726	0.06343976113811904	-0.06317070623513274	-0.11903175024185793	-0.02190450679576598	0.02952611812212529	-0.031242861246971777
-0.016821791838548213	-0.10126167203981329	-0.06954924799355529	-0.0795560789654922	0.044244032042752256	-0.033277923355786616	0.046900428779325196	-0.11529186470436555	0.016181725888926135	0.033987675676063804	-0.05538560641720058	-0.038269122089328735	-0.07684114312535187	-0.04104533469884697	-0.01727864086801144
-0.020621649908470287	-0.10590056783511474	0.05811811128597603	-0.07150525278845452	0.04066609461667543	-0.047611969465552656	-0.1027606081662799	0.07888450410837387	0.004991490859359064	0.037215567513199446	-0.0189510241198345	-0.10050745606871044	-0.04863501840939607	0.05422723536481918	-0.05031864844051088
-0.0047377096964846795	-0.0999172410125401	0.08952396300808627	0.04601390921353946	0.07856417624079104	-0.11412675876382836	0.0400941910063097	-0.12332592032009417	0.0015055341239772761	-0.054395134165556	-0.014310412388674039	-0.08570699192396147	-0.04702058004708287	-0.04157761565514719	0.06832092588774308
-0.00236954688712809	-0.11291842513962437	-0.08501965131110711	0.05543367156315294	0.07544539251750583	-0.06210356432570972	-0.14224162835407309	0.07590497473369652	-0.01521230966170681	0.0036282867874381877	-0.014092445563605047	-0.14435133566460195	-0.13663749123558497	0.03675424116379899	0.08092117876235003
0.0018699088905637126	-0.10875932777172773	0.0017165395723607094	-0.09324144322446845	0.06368004781538707	-0.04418636044743578	0.04875306982127467	-0.15993336330919355	0.017289816987823305	0.016044050604301686	-0.0490172584610252	-0.1652527149930816	0.07237481543148992	-0.01699841070005645	0.06618127692259167
-0.004543783570642012	-0.11237454760629026	0.04992242734668342	0.06543797183607979	0.10113005617251979	0.026427334292923134	-0.09022372704859245	0.14806600688198182	0.026328012986758794	0.05062452361424487	-0.046999313007125	-0.09007188390297297	-0.07271143202157523	-0.1384975438971927	0.0252456976500495
-0.003568110560058685	-0.09929341077256269	-0.11079036145740404	-0.006772209758133481	0.06402319453297911	-0.009662194426606296	0.11163775194764655	-0.15695593798109195	0.04887389517434906	0.00815815547551193	-0.023274397010205367	-0.06310066798390898	-0.07941644419023654	0.05808294539109178	-0.000888676973713123
0.0023861307552118715	-0.11097303168978194	0.03787656696976923	-0.09621506282374742	0.11338893475534627	0.034239071124077744	-0.07548767130713549	0.18321733657193415	-0.052726318080056324	0.036259467916073665	0.04008540493440839	-0.05431283605612056	0.04641910041357997	-0.00030685413965022694	-0.01499523773335607
0.002554510234475075	-0.11255755617923292	0.08165726547718706	0.04173944260408998	0.049514943793149795	-0.05057025476296549	0.06094584023024541	-0.14673707016775084	0.07229401051828585	0.003384720029559335	0.04785786789171042	0.033813066956892346	-0.018486440909459733	-0.012568089563291855	-0.019950330711733705
0.0047388140230529095	-0.11150061955504993	-0.06463709429001215	0.07194243120963158	0.10934578930727441	0.040675606115675625	-0.04991344246558002	0.16096693095126996	-0.11952783564684641	0.02794682536851259	0.02211777532661801	-0.06518335876532813	-0.007722510567248148	0.016491479645375763	-0.011207837874240421
0.004270184974987292	-0.10678888591588076	-0.07329148187686146	-0.08097837943729269	0.059384555280692475	0.0022416126463743217	0.0995146730475973	-0.12889486490758992	0.1673159255332748	0.05377281657806785	0.03536713939161711	0.027949728374524575	-0.01606853824638639	-0.050809698966403874	-0.034573246060549324
0.010932114626694049	-0.11832687685188759	0.09322942157725576	-0.02985115858266245	0.1125361422581785	0.09778494834494607	0.05682701000615985	0.1471041740828671	-0.18532177568211078	0.07167011495162345	0.008831703343645697	-0.005431449536165819	-0.06891085586025779	0.014843265947263226	-0.06786561642291812
0.013417792088104652	-0.11897113306741662	-0.046756078757158724	0.08298035748543635	0.07306998572026221	0.005947071870688691	0.0520489616862988	-0.07005940101884814	0.1914781528212694	0.01722270769603602	0.022527436323191548	0.01620979207169754	0.10215939844260437	0.09448800396852494	-0.16416729934416965
0.023142269426254684	-0.10724764886642962	-0.036339033224832964	-0.09755108555202599	0.10308985745290167	0.06421253034660854	0.06942535431610312	0.053592415008666884	-0.19940523835609095	-0.009629339334794046	-0.0356759542423322	0.01672148721672293	0.06769572836200649	-0.13216999269520321	-0.11616287942530709
0.023752121978481363	-0.12232927891239656	0.08155049844297163	0.012601846075369072	0.06518578133917108	0.05126982253124389	0.004128535742652994	-0.060677910171574104	0.18321748159452192	0.04569842590063869	0.004434394750346769	0.07114460643608723	-0.07603667870514881	0.004098708054548767	-0.12218243536058793
0.027193797490534265	-0.12523849596631795	-0.07047225331945886	0.07010792916786582	0.05521768182264214	0.09430326648905667	0.12622775651250573	0.017959543034814923	-0.16899521441232737	0.0300440074560404	-0.00916396845035315	-0.012682234871880773	0.06913388650157644	0.03196326327321242	-0.11667010839068678
0.033511428611480584	-0.11977814923297025	-0.03972806162905107	-0.08837312832447927	0.024444027375428022	0.04953973086514362	-0.0200828678869481	-0.030309116678768722	0.1393502768985381	0.03389963949418695	0.050929412148785984	0.11168148371600985	0.11178201091713978	-0.06865153693346632	-0.15330614547581045
0.03769727798920208	-0.10694943417286429	0.0951855909498255	0.00044134259060702005	0.009841328758023763	0.07693796201521831	0.11423662151457155	0.028027468059796837	-0.14367552659868155	-0.031235533318539448	0.00840261889917288	0.1022060030804664	-0.009577791080352064	-0.02016782119892592	-0.09797115493896931
0.03890628564434496	-0.11028476140870215	-0.05800075588038695	0.0880583496636554	0.024244332655984066	0.07015625952207348	-0.04898829328630108	0.0206002615960847	0.12435845894871744	0.012376245249095781	0.03931625556274059	0.06052398198321419	0.09066637283080521	0.0659087694357684	-0.12346544225553675
0.039752319679587755	-0.08985172226289566	-0.07300545276023164	-0.07646988169341558	0.004346021930265067	0.027950484432945063	0.15877092892661746	-0.025908109571860394	-0.05685330545539301	-0.05976132066673274	0.02050972690326422	0.08235053053356474	0.003447545581196848	-0.04234059092143856	-0.040356371315596086
0.0406795026054229	-0.10480400977653033	0.05450129821310677	-0.060485565978657986	0.042859512413916695	0.02352035393466011	-0.08698746627825628	-0.03626204909587919	0.006485112005103793	-0.018686692878430177	0.04688487450599666	0.024444942099646857	0.03850432252441188	0.09520028483187279	-0.10697490626452108
0.03545078439610303	-0.12169129507098163	0.07622535528881043	0.05799763288399746	-0.02719109414373526	-0.0829626343065724	0.09474834328291218	0.03441648928520073	-0.07702683034265265	-0.13141294341196044	0.005909964284196535	-0.04276487076932235	0.016502925827104414	-0.07609440074320672	-0.021454418457560777
0.048850421383540635	-0.09279797151941112	-0.07807472692889718	0.06222735004826402	0.03260299025249755	-0.019390335863709817	-0.1254085115207215	-0.01020179401186369	-0.07654273621617419	-0.07960726200075594	0.045533169382143406	0.02006641491868179	-0.02434937254500097	0.0686207576930981	0.0263941498600083
0.03983738871151336	-0.11843990051890327	-0.01299006376560047	-0.09183419399383859	-0.08065806432738876	-0.029721414201759496	0.05430195838515909	0.045375385548449006	-0.06641328300830864	-0.06712532701996815	-0.00775666591810404	-0.1117646384010268	0.06046821646039876	-0.0786884044084868	0.04358036063692818
0.05602741699817249	-0.08179658262926155	0.07691025252808467	0.016875634479498254	0.051283311129795686	0.0988135794252161	-0.11471875196166784	0.008689434541920773	0.014338912553818046	-0.012932583010204772	-0.01822622632335358	0.07984136679175546	-0.10282631572864057	-0.04161035169404886	0.013818771631670832
0.040073681043313755	-0.1072578526210354	-0.07263516203459079	0.04337571993543817	-0.05472814043170075	-0.0022931829703328895	0.09458844379031241	-0.011775064186611934	-0.05019717064123293	-0.05621270479524105	-0.02606979316410251	-0.09473811516302444	-0.030281778226365543	0.047958293688034385	-0.06807577168685261
0.06249887452397554	-0.057246762649085826	-0.013775478801181964	-0.09175837679932017	0.07952805422029707	0.04840175811501058	-0.15051087689424117	0.06127403128554866	0.04308504518557519	-0.08622720052354325	-0.047069867341583485	0.007282231781701181	0.06979646284867264	-0.03614345812526404	-0.008888568372008963
0.03479747809962073	-0.12304037741480418	0.09847750202427429	0.03168898527509675	-0.09267245868905599	-0.0773366886261137	0.006535285504122692	-0.03535955965879542	-0.04038429756409377	-0.05213549529267005	0.0421174454561393	-0.10451186504405922	-0.052245186511953444	-0.08505852163979773	-0.006340209547709507
0.062392174796530316	-0.06524601777498787	-0.05920113234336388	0.07906734771720476	0.0679512880687738	-0.05471764998937756	-0.12083745445981176	0.05888674865536158	0.015104373829311176	-0.18535918982829042	0.04568550209457197	0.04827871765409907	-0.0011992806235489716	0.06269700537784342	0.007803991132382281
0.03561605654994233	-0.12231138374943096	-0.03528556731836384	-0.07173804870844856	-0.14376738056836535	-0.07947791815401564	-0.05168281537733847	-0.1094842258097744	-0.004003473601893271	-0.02699540647731863	0.11100798386238686	-0.048444528563539695	0.03610590903755006	-0.12437583947180228	-0.008458802188526644
0.05923493715614429	-0.07389074316467736	0.09193659809704026	-0.016244336489952237	0.03536732248781187	0.03518410873472576	-0.007550288812537342	0.06215577548113978	-0.030727891033981717	-0.10430640591031093	0.009185545740347826	0.07875749438930786	-0.08622088613463236	0.02294548920780389	0.060938871784326644
0.04086293076660261	-0.10397857644759023	-0.03169885501295585	0.09615808003736664	-0.0677855161856942	0.05080749505200186	-0.007060627593210106	-0.0993526604616659	0.056297549428893756	0.03077177303511736	0.06382971559194274	-0.10895794715286683	0.024592743434632986	-0.0016095656012138858	-0.011864008540136433
0.05998895519067365	-0.04685576512267688	-0.08521847369778603	-0.06467073506264763	0.09249609571685383	0.05885817812808106	0.04929757902844985	0.0697668146552295	-0.006385046926761004	-0.06437188922907261	-0.0028180344710833313	0.012689938763236317	-0.082872079955471	-0.07852649276335921	0.022673741998470238
0.047036006662382786	-0.08946278012462218	0.06554846924565011	-0.06489136699470435	-0.009379506724467818	0.01927138216758154	0.0002176902411801439	-0.14486490445885733	0.021056492675442132	-0.012967022114502612	0.03499356405199513	-0.12214461661417558	-0.05608394302356956	0.0679500154507491	-0.07057825487405323
0.0592900589156532	-0.07304940612555394	0.03896403607999712	0.0753078443067765	0.019077785467543847	-0.006887647330193655	-0.0050983498781745	0.02351667980161712	-0.09271148517548067	-0.11044320603620882	-0.047306601743959516	-0.07675041856389551	-0.021533921603663884	-0.11280894562475506	0.0324145582714013
0.056610935720708626	-0.07324775557637574	-0.09471837472835504	0.006684295946376503	-0.043128173682864084	0.01558294116392606	-0.05455720888096439	-0.06053894018344012	0.11398757841511528	-0.06454673758574651	0.003785179961569724	-0.08043985198363002	-0.1551429847222068	0.03719129742365059	0.0494821469567775
0.05981409581462463	-0.05594639810256293	0.005103023051679193	-0.10182521084445548	0.011428241691928393	0.07606307826537914	0.062241194261444664	0.027308080823355268	-0.040211530527203276	-0.03888231466800604	-0.010135758185478565	-0.0634338339827935	0.033324316386297376	-0.01115523689728294	0.1139497353592491
0.056476352387099964	-0.07151665685215441	0.08182949974852857	0.02681318629184759	-0.009801053464620606	0.09991196113503135	-0.022999157882688432	-0.03964935486818586	0.13452471099383737	0.0027928627319524103	0.0556832014871478	0.029825073828050934	-0.10972300578875059	-0.03251892956277293	0.07048475584975886
0.06356643268631611	-0.04697084599627557	-0.0630646117212725	0.06417067912550446	-0.03006607614442265	0.06315851274064878	0.08445434088198162	-0.03276248800468576	-0.10285107707862896	-0.05528587933046723	-0.00494469164742831	-0.012139343962448122	0.0260314239691229	0.10930282964406252	-0.002375931789581842
0.06140070918898699	-0.05838259708041867	-0.01865388583170086	-0.08802543726792206	-0.06081595173945204	0.0727818670286314	-0.04488798420942359	0.09648492971872612	0.03586847150508543	-0.05163044425303813	-0.011245501934852005	-0.020552610136100734	0.07101843257933312	-0.08625405765561174	0.06330923207070509
0.06588155927519011	-0.02541778173662394	0.0912565806058232	0.01424743823246934	-0.03369666861091566	0.11861034188707327	0.038450683595874335	-0.03945026539129826	0.02025882729222994	-0.00987078399602513	0.02263783789414802	0.08539237735784184	-0.06479959244244829	0.03117814097973399	0.06256236763227153
0.05608664980852495	-0.0605198298501061	-0.04796276904282234	0.09205226162428401	-0.08044424206410705	0.1095295513003982	0.015446963545895927	0.10719849994639993	-0.01206887314598896	0.01310626245894014	0.1037113283551832	-0.004366773579861132	0.06654760956053152	0.03346952758805321	0.007178057468929787
0.07118445335141878	-0.023174671607423376	-0.06812707642437599	-0.05801299159646303	-0.03607802141531567	0.05526637376281973	0.016857257627898622	0.00197256310493655	0.06734849319749217	-0.07290060699361067	0.02538289073189667	0.1380605467037277	-0.017684950876201082	-0.016587284171667247	0.03153010357403463
0.0566642290231263	-0.06043533327522745	0.06736710007854471	-0.051883334147096144	-0.126018838983293	0.054001841596277696	-0.05543288908640375	-0.009132309758287428	-0.05187748488297371	-0.04498780419597194	0.038257088848720804	-0.043869982391760334	-0.016145374610046108	0.0771938119042592	-0.008721028635342767
0.07522980568008074	-0.024947845994467453	0.05559430862950959	0.0822534623020189	-0.041376897332127356	0.044507882950771585	0.01602772184654576	-0.01522898593489324	0.055079513872181435	-0.10690450967205016	-0.04160697692261296	0.053481523155218584	0.03293967058021623	-0.03666040188657243	0.0920542544057427
0.059998764029211504	-0.04218678213690934	-0.09241917360355391	0.017734958484351634	-0.11874765410288693	0.11022242646571626	-0.03285251366671097	-0.05769753137523299	0.000745323343897591	-0.021692725753909087	0.01637501614202218	0.0005199653510102817	-0.09339707654572672	0.03970746345021128	0.05577237306647649
0.0721990665970679	-0.02006034219962297	0.02454739019929004	-0.08419070720842305	-0.03868597190175845	0.048012117853741376	0.051995294205483114	0.04166851851389652	0.015101274987663829	-0.08911810476589896	-0.04947344757317404	0.01173545777880064	0.10664299482928746	0.055951899103778	0.00594560951280838
0.06339103371786875	-0.04933604996298481	0.06629620945282201	0.057700456058980665	-0.11580097686849787	0.04198253048476058	-0.07877744639531235	-0.07119391555763774	0.028231719007708284	-0.07059039416051534	0.0011218257146011822	0.0432195419806384	-0.005455962718207103	-0.07566902108948245	0.07426639676907827
0.07352940077610967	-0.017369203299883347	-0.08361438073897907	0.04304008971970936	-0.054132317859142215	0.023171709450534244	0.0469765108698951	0.01100792143023997	-0.05722911070639536	-0.09495507454643808	-0.05691150590347545	0.014019517671118482	-0.025276885566818202	0.06423490038596155	0.06370330512048926
0.06507078883823428	-0.0333193688848105	-0.00043252944671469114	-0.08629929643131486	-0.08759441857414267	0.08983651356221502	-0.07993502432931167	-0.004782374248609862	0.061543643308418286	-0.02684749015794782	0.0019403767980026953	-0.01995117973735095	0.09250354898659875	-0.005062085133843618	0.024577297079200634
0.0746612868502523	-0.022057249307368573	0.09208049021318924	0.04388439613348061	-0.0253850622650886	0.042915766622305264	0.06496320252342393	-0.015777440126860633	0.006430337251086475	-0.07255058256388856	-0.03461275085405882	0.09733511106266868	-0.0026441894019916304	-0.04181181047802989	-0.03695591515152166
0.0623434463004527	-0.048748281274927	-0.08165276987101068	0.0548312670095299	-0.11434408027436148	0.06732338864903359	-0.08865763754712162	-0.02877510825975668	0.002336246191192215	-0.05311612571411789	0.028280608522985126	0.006603624077448352	-0.014767363254799024	0.07891751170307754	-0.023944004355186985
0.07403058880032444	-0.01908965581216411	-0.010735092741502852	-0.09328517664872918	-0.07881430110584006	0.05048944552161783	0.032240506331072	-0.028007480495805533	0.00826718733833427	-0.09226386144613165	-0.07587290585155648	0.019365434395987032	0.09749352173414261	-0.007639048235332739	0.03525100117471071
0.06297021686929707	-0.04679849946418561	0.0693388017088631	0.037994206694365706	-0.10032152063748784	0.12128117470306558	-0.08110002290636815	-0.027068688079104678	0.018500738758977616	-0.014405141563174977	-0.002623946259004759	0.07515993977937238	-0.05132245178026797	-0.08087986541199743	-0.0019182951439339927
0.07433246691677364	-0.011526577104893524	-0.07469617421308436	0.06127952792149124	-0.08220459654372793	0.05157696978897353	0.07177549786739323	-0.03765173672422523	-0.006057632287636622	-0.08154081617061337	-0.04640888078135492	0.05020776029147969	0.044000552451483634	0.09808967590217457	-0.03689833129819183
0.06824277499370733	-0.03797880583343257	-0.025239660610187526	-0.08283516767750307	-0.12710030552692164	0.07429787951763181	-0.12301021177617895	0.019078517716505445	0.02947376960385856	-0.054334728245077075	0.03160847586485678	0.0762630207655474	0.11391922952092472	-0.04283304589906512	-0.04165080922975764
0.07826249915598864	0.0010089674239536738	0.09564313561403451	-0.008715615355439878	-0.08728687585362715	0.04859719630551379	0.07897848226022279	-0.06042811537546945	0.023031881802695917	-0.07262515210421659	-0.029981024449046826	0.11994132214931362	-0.012982869762418782	0.04838689249650694	-0.06774763019320361
0.07037917715122921	-0.020012585402558458	-0.030923920757137208	0.09618497631086344	-0.061019729199672385	0.13044769328823688	-0.0736760368188503	0.07065864107710125	-0.01425692303623764	-0.016476650536405707	0.060677692848247325	0.01354504721808665	0.08855726069506464	0.01225953297662882	-0.04521974880082909
0.07630525068873495	0.0012885154203384926	-0.0795876128393517	-0.051372696937385456	-0.058586766573888525	0.03869155803254493	0.07066037875435362	-0.02506778064281829	0.1155083409937278	-0.07237218459774927	-0.01620998830735808	0.07174113293960026	-0.05802852718357684	-0.014161251825456047	-0.03727163421412461
0.0714651496715879	-0.026334889783422882	0.0582475793372835	-0.05720532519785409	-0.0655597892878858	0.07372929535093996	-0.09713094458785029	0.0070950474872266845	-0.07161463024261358	-0.04547337536882102	0.0660648686429677	-0.054686409673846435	-0.003660205785030422	0.06599079495358526	-0.03932883540378604
0.08778477466169532	0.009981427826611607	0.06889173959082454	0.06673404523794928	0.01407260145955352	-0.11766781030889797	0.07345008388008346	-0.014567240862530266	0.08764000860286365	-0.11167759898493812	-0.008536959404961492	-0.0004500998102559639	-0.03967947156035427	-0.044849862762835355	-0.021696952030192323
0.0749113884057509	-0.020826623411794577	-0.07479561918573296	0.05873922989244251	-0.08577155512405736	0.031851760554145875	-0.13555291353276208	-0.07125333880900618	-0.1264434511057212	-0.045547079799400286	0.09939833367045017	-0.06524365794980894	-0.04114034737550054	0.025248525296307753	0.09885504891228006
0.08050125691561508	0.005584835777138204	-0.04109426552678949	-0.08529830387576894	-0.05762261308010379	-0.047172636742890274	0.10445125233782672	0.10845729158957	0.10471454297097454	-0.06622545459631826	0.014487475666312099	-0.05555322740242919	-0.01793497523227386	-0.014112522589604212	0.14000742550885917
0.08717915151709532	0.03146907064558263	0.0749268312953777	-0.01946545840952426	0.030778156723323506	0.13541813022040342	-0.038584118009641497	-0.0695205414645093	-0.12316923350339924	0.10196082298901987	0.0445528210454231	-0.00032212070975699234	-0.10732889416644636	0.01969760165124377	0.05630887723193846
0.07684941947321466	-0.01028721043425195	-0.029575723260974032	0.0909395011403862	-0.012649328777576576	4.385724799971946e-05	0.11091300177042368	0.10831734756757075	0.11456570770289208	-0.019765196261193517	0.034826424755056644	-0.08983249562195811	0.03567176763737156	0.054143727553182065	-0.0463090377600289
0.08680065013223842	0.03380803746401151	-0.06104859097439805	-0.06777671010700818	0.009637223298389341	0.05162416610892554	-0.025119298946385253	-0.06238696381079235	-0.05236987503759047	0.015012266636573006	-0.018723440167672783	0.07908532263917838	-0.009125649999371235	-0.09928663765133978	-0.01774671072193416
0.08029863808533573	0.016207139968717282	0.09571275630328466	-0.025325261445077095	-0.0262554659114825	-0.004321171937392563	0.10448262343425324	0.07162709549599978	0.019508257982233844	-0.02880446034759673	-0.006357081876693972	-0.04125923764011027	-0.05068586879621855	0.041841493413828854	-0.023110144505260773
0.09302837191552707	0.05599436004767352	-0.008768063970982598	0.09076601479693946	0.0927451392040132	0.07738258351055265	-0.04002405816356909	-0.012312417008489408	-0.027240450553389695	0.10051491272052328	-0.013013369215339318	-0.003418855609434994	0.03217420361842647	-0.08296318763465188	-0.09540474518627269
0.07677599094291998	0.008627870849900332	-0.08578463409301257	-0.021868169631766535	0.0017135915353221475	0.008402111752282825	0.14400399968670244	0.050135123151811394	0.07571763872767796	0.005840880278470366	-0.011617834173632817	-0.07084325496716391	-0.08681050301988374	-0.012356082538134224	-0.10228040885080585
0.09364371059968456	0.06523128189631162	0.016172377900882304	-0.07926240080482536	0.10136363066431682	0.015100015458276606	-0.03277923525858054	0.036792866753148204	-0.019620842601281805	0.08329035586846972	-0.027378798460015116	-0.018619935992380786	0.04319263421791828	-0.017174082328625922	-0.12640542324297477
0.08266760612397245	0.01123715539121972	0.09136885628080223	0.03689429112230263	-0.007334619769622973	-0.07162387548765338	0.03197122368407615	0.05451748951812139	0.05735203379729139	-0.029274096676826757	0.09276329397037714	-0.011865044053775064	-0.058100281826790376	-0.045511076961610906	-0.041316737164927654
0.09616136580140694	0.061767513802867095	-0.04137348208202844	0.08599757279323249	0.11958644330154573	-0.06688007897784352	-0.0028630251881219416	-0.028813370988847085	-0.015559723085452429	0.06573392184883348	0.06292094987046802	0.022689163391691743	0.05351004906204708	0.03482110627803908	-0.12560195106360417
0.08494670273180445	0.033091498519200575	-0.06370539414809076	-0.057782602522703924	0.004001099282797115	-0.015943002960554738	0.06345927109389922	0.060327923768109915	0.027732072755512212	0.040657581140918164	0.07040387017487365	-0.011155045561826832	-0.03269277941613365	-0.09650481619514427	-0.0973206342769739
0.09695716204597775	0.06469101121894977	0.06662477866736914	-0.04648822383058488	0.14312217723272078	-0.039801182508009986	0.03686661145660216	0.000143450624979331	0.01797453748141307	0.08967720801272448	0.011837667243728837	0.01438256890374213	-0.020523523735090997	0.0801021738307302	-0.180545897340122
0.08253725556808172	0.01946908961911624	0.02170208639038175	0.08964645112384213	0.09023678487053967	-0.0641193561023828	0.053282424821517405	0.03726794276406152	0.03774400512058917	0.05882716768013356	0.08074384604451845	-0.10079092047116132	0.028890512103053222	-0.09274273359996021	-0.13759938142025316
0.09694890882246697	0.07748405455871651	-0.09008895880616558	-0.017147928186060896	0.2026614010373308	-0.16853841196187552	0.014052903680676276	0.0027252022363100058	0.01576838753848112	0.06048409137324345	0.06772767991319893	-0.008296824215407301	-0.12141553635848946	0.000500365075285249	-0.1570305542672855
0.08527435784658895	0.038116096654457116	0.049871471128819914	-0.07833419267052345	0.1325846690239131	-0.15937308248298188	-0.010073997498959883	0.02452291562608119	0.007214705997892945	0.04206964890223917	0.14280609165972352	-0.1543836526490311	0.0008840470122081316	-0.01264836989471403	-0.1323647328653417
0.09820301028032569	0.09246854359108114	0.06518468519288444	0.05773261954781085	0.14412403361408838	-0.15185338425941045	-0.0037886476328740514	-0.04826240716217324	0.04240316072109541	0.050205937585624985	0.06988568729008998	8.060315650138527e-05	-0.07095023338662197	-0.09710655476621047	-0.06425428573031022
0.08971280529491892	0.06217435949050101	-0.08467260800860421	0.017699562178049848	0.07178549938671402	-0.05259449087182977	0.058278151544878275	0.038356591976051395	-0.04554564607106385	0.09776669769455441	0.09919855100314366	-0.15622951435181448	-0.11067210490519004	0.003227669801592738	0.03154113257606501
0.09050564416208391	0.07766949710250182	0.017086159229803062	-0.10433624544248792	0.08606251398701598	-0.053507508570466246	0.22378143778303325	-0.0028996650932805617	0.11062166300152888	0.06518775333345661	0.07269137330317704	-0.03274397232445543	0.04811021573616954	0.013430386702656573	0.15991288366006878
0.07275144328423766	0.03145846393148295	0.08322114246759665	0.03248008967845519	-0.002308581077858887	0.1372579501883056	-0.011459951457655045	-0.03883975171831145	-0.1018095131451287	0.15061573375762766	0.20877568548079029	0.0364486921657658	-0.06387050815689131	-0.0582925403060031	0.14320598873718784
0.08096670248656328	0.037729873932243675	-0.06736055609147466	0.05532272215934745	-0.040399167814214126	-0.019092102256326786	0.07228310608772223	0.07499105518685834	0.029100101326311367	0.012662290605216989	0.15981105385658795	-0.007357456818732871	0.01925951557115069	0.1284781225649559	0.14196389363229148
0.0862694479462403	0.06744033436616659	-0.028694082245948365	-0.08388136885297481	0.01761990905154036	-0.050936136958928326	-0.025666751865827328	0.037316060608088016	-0.013727241301943445	0.03364013206473024	0.17589009452244553	0.09487225687542794	0.09458797771005535	-0.03680740695217752	0.04653312262405792
0.07890746931691354	0.027770075970893513	0.09418523378315842	0.004454291726854735	-0.06655508063566089	-0.015896528245390142	-0.025215501624697483	0.016147723590128175	-0.015654724716272394	-0.01470303465534222	0.21649665548776023	0.12392918948927246	-0.02571153728338943	0.0315578822909908	0.06514391869320253
0.09301745949691934	0.06881640597289074	-0.044748086223423626	0.09020197567904775	-0.00460251278106874	-0.04319156171504351	0.052388693511137674	0.0025514919628257496	0.0036456331142247205	0.012007110591822388	0.044667702930090265	0.0795027967324986	0.10538669866268324	0.06715036292900636	-0.02851338878572543
0.08828579936901158	0.06323832169437964	-0.028121147654350316	-0.07162234373763227	-0.03807611405851027	0.06036025388066311	-0.02109997234002351	-0.051250942566871766	0.030905260964231716	0.07214097463618926	0.014065931200872846	0.026358084478533755	0.09379738501624259	-0.0794586658139956	-0.008667936816835852
0.09313053372695466	0.07036622265365697	0.0924081851820513	0.039596948702443076	-0.0022593618818768776	-0.0234211202863009	0.089585815998169	0.04998926812988048	0.0235765358340328	0.024855937270177916	-0.13138101645291544	0.007914053596200635	0.005102259256543903	-0.06974897908549134	-0.049454045259614915
0.09744229263511602	0.09084903984464547	-0.08116203258048175	0.04363190912250535	-0.0023874288373149683	0.0032086764403327214	-0.08713424881403616	-0.028973735525386277	-0.09230021382604865	0.045946161461373855	-0.1531632444909373	-0.002939206907625107	-0.021646663121276038	0.06340146114817095	-0.020136452001141895
0.092827310214751	0.0692119652357694	0.02398857864065233	-0.07305169600001926	-0.07608791489594413	-0.023315633063556176	-0.021537027831310337	0.06452221322032888	0.013273172824328034	0.0005931405329873803	-0.19830974817371472	-0.13963141220333208	0.05710664409260117	-0.011134195122806435	0.10274181420928352
0.10094608741283617	0.09735734644728053	0.061686354247487946	0.05831836452480089	0.017057072638549137	0.016003461952281722	-0.08453862036970501	-0.03516941774377685	0.04482917856726081	0.07267492862440177	-0.20955709813809045	0.009937385522642166	-0.03238287695608612	-0.06360893904430903	0.05401760578581558
0.09082582685790072	0.0732815109514908	-0.0874801710967742	0.02042352974338857	-0.07093249257211705	0.015878100326753127	0.02435139008935361	0.024855090098355417	-0.026582667621075227	0.034033998224603366	-0.1501766791652933	-0.06741685278473168	-0.05964323341550805	0.016498790047507428	0.004115850075814373
0.10471748745595942	0.12008487258155352	0.020203057195328212	-0.07061817539812364	0.022272050768982758	-0.02920136825256983	-0.07645378544828806	0.012246853609306803	0.0602679789389884	0.03794224210114434	-0.24687144514843293	-0.005016313511693225	0.06342549549209882	0.047447650642784826	-0.01131391121348558
0.09222645635227457	0.07025820536371834	0.05383920914550873	0.07428409873606333	-0.09128536855140694	0.015867937339810068	-0.07060962208214622	-0.027076865173223236	-0.005253096619194692	0.03421420749729929	-0.16983348886273894	-0.07238756598170254	-0.005974561723214392	-0.10048391140275441	0.052563173648308696
0.10253058437838569	0.10491085773143054	-0.09499202253070285	0.023236342359363244	-0.007736761027458134	-0.019656158148918173	0.0028732330942516262	-0.007160191394071992	0.03345298610143903	0.03594774899869868	-0.23796426312364688	0.01820859226694791	-0.04162071499934135	0.07115178495468871	0.025038857965505274
0.0909470125916884	0.07111184952270806	0.018851546378450587	-0.07390037622086294	-0.10050936274370183	0.07570164982235193	-0.05750633424672148	-0.0611326626940838	0.019875219842583804	0.08463195258003328	-0.09655114708879385	-0.07558931952868718	0.09669321571288686	0.021435422628811103	0.04656761810819014
0.09727887924931478	0.09245488990945727	0.07977680549597514	0.0518119055784351	-0.03820919778231704	-0.018905543088414446	0.05220676107791614	-0.005451315580035542	0.02702178873015182	0.031205875588479898	-0.13129296214817354	0.09783735442839382	0.02957393233437087	-0.033635781488228766	0.010185143777280862
0.08943450732095674	0.06416568206353568	-0.07116390699885018	0.058572624428929784	-0.09043856695076274	-0.006128631633929022	-0.08802970440567777	-0.05533712905033953	-0.06842759341616109	-0.0017187267087431027	-0.0065818811286193265	0.05384970241672462	0.02419266515784024	0.10929122991162904	-0.05569200541874764
0.09835911268125884	0.1014550761716283	-0.02041626583834517	-0.08220662331414852	-0.030169064435731342	-0.15314010677000423	0.031212501009744622	0.03959907928700749	0.021053585998948764	-0.04512592871048797	-0.04026347739418634	0.0476438244496994	0.07232224289993786	-0.03932897700070166	-0.016845976425402934
0.10176297406908046	0.10110202869065338	0.0895335234575641	-0.0061751478756426675	0.01641168615382131	-0.06736974239571103	-0.09375592390560157	-0.0352827748143759	-0.11341037742369349	0.07475478115514829	-0.009766788259676936	0.0102815710041843	-0.05312384556712959	0.030026475773035282	0.0059737083602498285
0.0925699476668663	0.07180727703617334	-0.008441914035762978	0.08513444572892573	-0.06643934941378428	-0.11814739394292702	0.015664631157833217	0.04931810551210893	-0.009257221665733874	-0.023739552436538906	0.015216438370427418	-0.09354150948437483	0.03881045773435125	0.027364648928946526	0.11921599891100787
0.10761265303946058	0.12642137322707384	-0.06801017368612838	-0.03877413940824556	0.06684975039152227	-0.12811298396809576	-0.09240461369233868	0.022431595700085915	-0.012969474349086643	0.043737464229101124	-0.02690251410381838	0.05233948644982884	-0.07037677554947738	-0.03601843049453446	0.04017715839140165
0.09365315907804415	0.06805470866570087	0.07412104371090447	-0.04775389161370627	-0.05715308390727115	-0.10219031967616987	-0.04527338720141299	-0.019909409987489725	-0.024455748589697048	0.013786940354672846	0.05057787083272254	-0.0409208794547741	-0.04953941163003086	0.0751526507844081	0.019476600853518735
0.10410802073218436	0.10842718008515514	0.02781960165460199	0.10270352967450838	0.023880401675664232	-0.15423744112875457	-0.008350863105856362	0.01813249753273721	-0.01817901633692948	-0.01481717876565635	-0.029827556247075733	0.05141272818139072	0.05855904887617429	-0.03692321131149037	-0.007366690104539182
0.1003464533009043	0.10422822375601454	-0.07429136273572993	-0.04685239467753936	-0.03080775360706161	-0.0905430388275186	-0.05666463883244438	-0.10871259482241798	-0.02845738777110365	0.05119475603681517	0.03020194306017516	0.09547503960731568	-0.07240528169238909	-0.009571183037400845	-0.00681128741100348
0.09915405754123942	0.10645002261436562	0.08481957526111208	-0.0007921949789504336	-0.021057751349513956	-0.08366098847447012	0.02805076218615366	0.07413280458154584	-0.04014360878727886	0.0365999577087887	-0.009528151623720687	0.034197364635281606	-0.04883099546385513	0.033908405210198375	0.026223623968897224
0.10534361520809551	0.1257638278457782	-0.05764838742943376	0.06002135927105092	0.03443451312289629	-0.026057978633824554	-0.003628537340233941	-0.04246458363799558	-0.005066867352433553	0.1331408694277834	0.028038184099953102	0.05451250683061481	0.05101380312822771	0.1199132899524994	0.06400673929194077
0.09463601427106513	0.09418983681982333	0.008334854839998997	-0.060162695109884395	-0.050185099285921735	0.04978190013705515	0.05360863180880999	0.08585487625612921	-0.13472126185123157	0.15762977235319944	0.08736994186709343	-0.02608679657206606	0.11617917771069546	0.01486382475418847	0.1422050555011081
