ICA_00	ICA_01	ICA_02	ICA_03	ICA_04	ICA_05	ICA_06	ICA_07	ICA_08	ICA_09	ICA_10	ICA_11	ICA_12	ICA_13	ICA_14
0.8821488074528234	-2.032252227254256	1.4157574305091627	-0.26575537871561883	-0.43008112358684386	1.8201541189134538	3.6494728925727924	-1.7711656863186456	1.3236308902765042	-0.42204079491764657	-0.9206679412951815	-0.06738300042597643	2.063591506001595	1.9315686728505899	-0.19403190652693297
0.0874570659435513	-2.336554780213095	-1.4132959741989763	0.38981934424511444	-1.3885117268263025	0.6111302736393476	2.0375541717930488	-1.668452213503735	0.12416777512937487	-0.06728207917861637	-0.8930721894024569	1.134325063855305	2.7693146841028957	-0.8605617273042372	-0.15959465670562314
-1.074570460070182	-1.8196491515718376	1.7356442707501183	-1.2675949445375645	-0.908671068094965	1.447441344032893	2.741044178284227	-0.7181031253724529	1.0040173472983647	-0.4460257339708129	0.4316753662651802	-0.8954872523241898	1.6768761691085756	-0.8262125871988245	-0.5515503927010555
0.981580967525214	-2.0118496466466884	-1.30654699197403	0.2532782749559799	-0.5112729622497154	0.35028479943477836	1.3330536808805624	1.052483996261207	2.696265570555937	-0.1663437371529475	-1.1289064913275324	-0.8921944703717963	2.332851951733282	1.6411609843686823	0.910824092771552
0.9466094869435144	-1.5096257931930566	1.3665903165520947	-1.3229818558664475	-0.4787214674203067	1.5501290902164664	1.657018305324607	1.4780146845003348	2.064020667810372	-0.6574453953162434	0.8554411992659098	1.3147421431685882	0.7956243987102893	-1.4716401713467568	1.908177843389634
-1.6412033456895585	-1.9088427868135753	-0.304104844166712	0.45039471211671733	0.06598847389793547	0.45222053956301106	1.1802055173692638	1.0290071416868591	0.6624738523668071	-0.27839217091095225	-0.5907762386519474	-0.5244647161358242	1.6754943429475566	-0.6605580696637013	1.2904560065034991
0.7558638847885721	-1.6983839727291064	0.5486795383826791	-0.9510881566286057	-0.07079355510093474	1.661183868385268	1.86812403172938	-0.09736187024908859	-0.11399196649336452	-0.5878032686738781	0.9700676017398899	-0.7622079637361348	0.6668392611536564	1.9983163893085754	0.933347564362551
1.0492042678669422	-1.774523570549595	-0.1153719102980978	0.5662245199153737	0.238757497437763	0.4537209910724873	0.7007031489054839	-0.7585708027145919	-0.25757176677489	-0.37989997973589973	-0.8222629177625608	1.082359895506044	1.7793552737635419	-1.2300520454639494	0.0484075155848836
-1.6352021646378585	-1.4733154937940618	1.2986028582801545	-1.3963019633969025	0.2810355451305603	1.334242379894969	1.5557485542974423	-0.2912630216808626	0.11796411247719363	-0.6319766546402485	0.049188132045440265	-0.33297788701723124	0.42823105285280766	-0.6951618871494107	-0.34834075034960144
0.6994459809846869	-1.8300590915734554	-0.220390317979202	0.5696546268104449	-0.5506332395724091	0.041142893151166385	1.173367867081418	0.9854929785237845	0.29347459502078577	-0.23401781204702188	-1.0996054535185	-0.6757574792182458	1.6807302721301831	2.186499588220179	-0.7728803137258897
0.6954512876649684	-1.4712457515444841	0.01615247197619443	-1.498406665979531	-0.06217064538668953	1.0367626698908095	1.3332421266236305	1.3339315741971949	0.41530512034901645	-0.6015151515465159	1.2091604697874359	1.3864720023605908	0.5064433993579749	-1.5869111814680426	-0.46369910992140867
-1.5640765072530998	-1.5691318556240414	0.3511041449570351	0.11893017188232372	-0.12106450597925836	0.19083607264481786	0.735662512342394	1.3045052436390145	-0.32712554374892433	-0.4355938850060615	-0.7254868391756227	-0.6834069171043876	1.391818268013107	-0.5927171895634992	-0.272392409815303
0.7962074291953304	-1.2786572404969978	0.46947427059600283	-1.4418460898711198	0.7381486176023507	0.9091165986576603	0.940711826564515	0.7661320169572595	-1.2034190082891494	-0.7184973451466558	0.4345660220905261	-0.34651249127172046	0.43759210737799126	2.2652732578981176	-0.2683907699889411
0.27514106130999055	-1.595296790662358	-0.041583230387028755	0.7524769323225108	-0.9940724375629311	0.3253154861097968	0.5066655101038666	1.351468936573479	-1.4475805633412917	-0.4751692774679506	-1.0846194987132534	1.5623744753154447	1.3869655155056788	-0.6391517075620098	-0.8015117990463742
-1.1906305805781596	-1.193723394324508	-0.43721993036548246	-1.365525280900776	-0.42909916957466576	1.1180950950886224	0.729095997503517	1.282972888735986	-1.370542579579682	-0.8103622239139023	1.0681650745951679	-1.2822308219074048	-0.11005250863912917	-0.9802013489156751	-0.7151678946199551
0.9300535351708991	-1.3537305844500283	0.3560793378817914	0.5472796550554568	0.8910695780214946	0.48835644467768385	0.7618060575921748	0.877650141937126	-1.8343716207936225	-0.6569270676463044	-0.9737388176565883	-0.6162224725306927	0.6693081207338358	2.177427140683122	-0.039952144638450954
0.12393626632170311	-1.1980527161554835	-0.8505765485419116	-1.2725125411469733	-0.7149057368251577	0.9476305715309862	0.624841812427975	0.5749571550505277	-1.2828649269701273	-0.8003845817922721	1.039764712501269	1.5698295881169702	0.1899917674855629	-0.8888523759595819	-0.161237456870996
-1.0234556977235212	-1.4237965230570884	0.9166963994608448	0.4311604806380555	-0.1231696332563864	0.28153003786758474	0.22704739208528205	1.454257600222933	-0.253773727566129	-0.5643449138980362	-1.2503510553250154	-1.3240810818238888	0.9674542869516838	-1.0173430872576292	-0.2799896300157938
0.8232671619416997	-1.1667189124068227	-1.3872245723063317	-0.1414844740927692	1.8830261143663947	1.0771113866626747	0.359188184525242	1.2016495527987214	-0.6126207935569399	-0.8482060250087553	1.3669904589342992	-0.27791275672695037	-0.0636154848449284	1.1023451220532579	-0.004402026108078611
-0.18058461985487892	-1.4372885241436413	0.7372908027127554	-0.496944450556768	-0.7296880144933845	0.7195550072294803	0.15918321510300104	0.657332676324651	-1.3310346924959473	-0.627128184584651	-0.7429925689984674	1.6118492185921178	0.6408205947442422	-0.346190824860664	0.5479518162667015
-1.0373732276115595	-1.033759051206769	-1.4079201840980096	0.1477660911761336	-0.6041932269902109	1.5959449060153565	0.7153034029522696	-1.4762308043065673	-1.1830523791528424	-1.001100669602734	0.5517331797652633	-1.3453059244572394	-0.8749179180132105	-0.8312451976187321	0.638286499865077
0.7751287651411497	-1.4687252111292077	1.1167799058609396	0.25507071318683644	1.4320057243081283	0.6533059208012634	0.6671463365254852	-0.9178085811910786	-1.3494880511724427	-0.5857044706794678	-0.9244793887775924	-0.5348619669915965	1.050314706041334	1.850735516618595	-0.05686965636863247
0.10565028536388847	-1.1371914359746313	-1.9168206822645975	-0.06523614742772087	-0.4832454313450215	1.3109660486248749	0.8796941145598783	0.5123981773596473	-0.2072179310011864	-0.9119564527994524	1.1798434108200737	1.5859355141436122	-0.3477269503464532	-1.0423511807911203	-0.14655420395143293
-1.290505975283901	-1.2801493209813477	1.1585331595588446	-0.8950378190231705	0.3506887817671861	0.8356937262457589	0.6448144184255052	0.7993903825328955	-0.12171616378298944	-0.7196361761664207	-0.4514891102089783	-1.2838891860412314	0.2531571108286006	-1.3506662738234245	0.09360994163716732
0.750164749318774	-1.0672033428771597	-1.7209049552108648	0.8156894250210933	1.28126716117505	1.6017528073530842	1.128173322099111	-0.11881313423045305	-1.6886265716261746	-0.9984007420512696	0.5295856159190446	-0.3885558029933975	-1.1645008157390289	1.762008727627754	0.6381283140964006
0.17991582770678716	-1.4356875138698972	2.1533568074843985	-0.8222388982819007	-0.49964791232869993	0.6917882086970446	0.1428249284243055	-1.5045893556289196	-2.0955221677933804	-0.6178809123940028	-0.08833102696588699	1.5104698474663478	1.0423243321854894	-0.46327008466327635	-0.45919685533853255
-1.2194884370379668	-1.1094299892222006	-1.9162591566654903	1.6056805027517393	-0.444608169689447	1.4382962882071921	1.0705789106689387	-2.0647342269474036	-1.511365486095402	-0.923733992878657	-1.3759631769771699	-1.2191593433643335	-0.5461019350724905	-1.3242850140067026	-0.47507675152839
0.8616070858918151	-1.240483771648317	0.4727865069022732	-0.22813224216823452	1.387282810841333	0.6295595558603512	0.10547973542561345	-2.006225441833754	-1.058106782202762	-0.7316460123537448	0.7191602789937912	-0.6809213322040386	0.8706665228178156	1.5301579062827717	-1.5120612448015598
0.20706809450988245	-0.965472886099455	-0.9386755321651534	0.3732086986691414	-1.1134269113910737	0.9774156875135737	0.5293073098802212	-0.205963023243329	0.863046743371102	-0.8965959600459377	-1.4071833938758302	1.5275394685335608	-0.17225015893710352	-0.9153035486252203	-2.1360750474342733
-1.1923567809793794	-0.981185722377133	0.3521847608557728	0.5258013191132922	0.037327162012659294	0.39118328103392813	-0.10931538517367144	0.6070847910100571	0.7923356751713294	-0.8444456652210226	1.1578933695070095	-1.37254816751206	0.1776956792619372	-1.2525471500235665	-1.371518063806006
0.7118320159483665	-1.0114186036969772	-1.2473543263418918	0.3933086905951383	1.7947374445750464	0.7967129667472915	0.4494343996867784	0.9925560862536145	0.48469082907761457	-0.8041519481944992	-1.4505036273269343	-0.3599928350523204	-0.42398214918609933	1.4542614974785573	-0.524417452926932
-0.14498919649739872	-0.8198007750835057	-0.20948643074163484	1.158304055215673	-0.5577732691883345	1.0065856826483646	0.08907929235868661	-0.27098401865691807	-1.0220910214459757	-1.0580908284576094	1.8465311562897626	1.568645542938869	-0.7046357073164646	-0.5025893904473685	0.20922132562317652
-1.033681508219933	-0.9195277438452434	-1.0041512155179562	-0.023143336432321842	-0.49362561833384544	0.32363097880317193	0.052447124402131055	-1.2979918153731387	-1.344421044383022	-0.8479704137549139	-1.3373145864612892	-1.3590608322155446	-0.4396441875195967	-1.2574882358720674	0.401657314395876
0.9802344029445037	-0.7712824259871747	-1.0291298435662537	0.9557940016401582	1.6471128682859368	0.7371504288440572	0.37148455658637003	-0.815103886404762	-0.7637883484151314	-1.038555692060908	1.1676300543606462	-0.515992319055882	-0.74350300121444	1.3457265403370238	-0.12433170736427322
0.1106305348358384	-1.1244705757712197	-0.5843254492024353	-0.9646576019102976	-0.9992735487501425	0.16959306352534032	-0.0006408764689908449	0.6004040702152105	-0.6984233660627115	-0.6720452483936109	-1.169971577877136	1.510941782410541	-0.00037858180536576617	-0.8755197882226846	0.26408711758060405
-0.9753733250292134	-0.9460716117861642	-0.2948006879754523	1.3294851921952335	-0.28056583570039606	0.7346563592871687	0.4573038769201944	0.3446492823584476	-0.9131029591821491	-0.92182605053642	1.7482895295196725	-1.4709340956490484	-0.35160765049989634	-1.1445012923859013	0.020946472398784895
0.9558437574687996	-1.330183548500399	-0.2608923736486706	-1.3670239858073214	1.2599360996906752	0.23994446271535722	0.37560889479762066	0.13055753176016052	-0.958836362407195	-0.5526129084925548	-1.1856678201361208	-0.45235117078180775	0.3905153689486869	1.6180585361740003	0.10535921385248707
0.45477318533941496	-0.6905957257700968	-1.1033654731304865	2.473406093365791	-0.24025084166070246	1.3110082389134936	0.8690802178339594	-0.43904359170325513	-0.538416604193403	-1.2030335045601834	1.4923340403818464	1.4402924223812497	-1.339686504830761	-1.0650488051623812	0.43533876328659094
-1.7009968192917584	-1.119529927976496	0.6739791806031145	-2.3271988073987404	0.5388486651988447	-0.09017185410680928	0.06580108020917841	0.06445466624984755	-0.39520190553590656	-0.6110714631648732	-0.22412021223502906	-0.4135688487427857	0.6005116707650051	-0.5509636903756489	-0.4257489761212163
0.6304096597565414	-0.8241748230559797	-0.90392026588068	2.2055888397631223	-0.6131705276150299	1.293322897516082	1.2301922221508748	0.9394194059612108	0.6094128156717974	-1.0499289428397558	-0.36272170113985286	-0.7235258350576498	-1.272198393239902	1.8458865028991653	-0.3077326302044197
1.2465668628703306	-1.147697847705026	0.4644235675604047	-1.1053922087001486	0.8178265945146126	-0.0863319573096338	-0.46757566871080936	1.4843255003725742	0.34289276207612923	-0.6400004344364629	0.10506752762011899	0.8054019367943772	0.523377622310226	-1.6879132198713487	-0.2776532080539252
-1.8118618119794367	-0.8484582074026953	-0.421112826566105	1.9919600590294178	0.5841095918906487	1.3949242694084967	0.8441108733550252	1.0247628929390695	0.428256337342265	-1.0482639853384432	-0.9584583832851807	0.14013372892492612	-1.491187093608327	-0.1220100751321645	0.422180380933069
0.6410067094924808	-1.1427364775243696	-0.1843677973032809	-0.4629921583331588	-1.0953047043372353	-0.2501043745380706	-0.7300305145166779	0.3338826598355201	-0.7199375350469193	-0.6116563644171814	0.5837100556899938	-0.9842338229479648	0.9652235125343701	1.6431823437358006	0.028116707203813388
1.074054549719731	-0.950120329912913	-0.11496290163006963	0.9348360400719505	0.4392283063982438	0.7724961976900185	0.5295959505939756	0.9917257867110159	-0.06346914389908191	-0.8848735038847234	-0.9921089157404552	0.7461360201534938	-0.7046675097698797	-1.811637836784843	0.13833136828858938
-1.8120914908541281	-1.4894728627351177	0.2944672888849536	-0.5655766798291274	-0.11943495714488452	-0.10644311071434762	-0.466498852067946	0.7926299803670696	0.1880388177263785	-0.40334585205687645	0.7194790419889859	0.5444598438719238	1.6154730029198767	-0.037399956960954744	0.7212603157945994
0.5749811411513024	-0.9386681266862188	0.6893974050584816	0.764695048122896	-1.907951871817495	0.5144246732082107	-0.11022797990096302	0.5404251356444549	0.6236752704919161	-0.837019325384188	-0.9019653846413571	-1.0697504169801992	-0.36990354597431	1.2619058703004509	1.1514828402943484
1.323409594394948	-1.1885178881179965	0.26509817824675286	-0.17498387953635067	1.4112342925492318	-0.5104233231558846	-1.099442769333439	0.11892875219351925	0.1415547333576092	-0.5311030548317233	0.6022787213324025	0.42657217918309	1.4728023839160846	-1.1012456716910954	1.0238782787650613
-1.5248246400268646	-0.8961221585668302	0.45637285947970785	0.0945894218247871	0.38544053381791465	0.581917172589533	0.2953472473893882	0.903681725902286	0.6293282744548558	-0.8637809642198874	-0.5987254787439826	0.7018871936159174	-0.8238530539147318	0.2770042848752049	1.0331680943189252
0.11695433780478955	-1.2109916580335587	0.18220839345158232	0.21648976204977197	-1.204883762193965	-0.08073117619206385	-0.962203710309916	0.6064064832662265	-0.05188310711209357	-0.6150029762052095	0.8587737920964629	-1.5716826092512761	1.024406939592918	0.22819312353074078	0.6000899858050008
1.1601396071303745	-0.7070729666703273	-0.10580890462798632	-0.24988089283013054	1.922424572885232	0.4257279456124442	-0.18273197394633375	0.33378447216802815	0.6818668453793095	-0.9385602827814298	-0.4607229801981155	-0.0215206250128597	-0.8242242540175426	-0.21769423322337547	0.8555308483255082
-0.5224257480533409	-0.9241071814956696	1.2269284200377242	0.1657787646535251	-0.33329462519547276	-0.7327136394675408	-1.499738569313342	0.5260949813238284	0.751046887996002	-0.6020339175076311	0.35211915452052595	1.5446410366555778	1.0866319056831308	-0.4782367862260279	1.0544281819643715
-0.3305033773424617	-0.5351114394035161	-0.33039106262198303	-0.03121445882245199	-1.1366829469628386	0.12852368879090134	0.05711459110691233	1.1633680129228237	1.0767818505281836	-0.9368081738562906	-0.897939707858911	-1.3907514541499104	-1.1329431452285275	-1.496090471822677	1.0978487856488541
1.1235078211733738	-0.9179278890399624	1.1719288421709928	0.6687087641247113	1.7979271929144012	-0.573427871542183	-1.0198617713007692	0.9149439025392545	-0.28152430258197175	-0.6336830185088775	1.1180759582618558	-0.22298454455488317	0.7062876618456738	0.8683551828318349	0.793405063458862
-0.5122429773100297	-0.6752351092400479	-1.462319631504578	-0.034419716943286896	-0.6872907852631668	0.2351390995529022	-0.19985118181487144	0.2900254349521694	-0.3785413587667424	-0.9252122822675404	-1.2083730916381537	1.6673279068643347	-1.0039026837697433	-0.26139660270359016	1.0857356029927736
-0.8200145606539	-0.7884713375190758	1.3075664317497406	0.4158472531661597	-0.6722302408352053	-0.3077361495117534	-0.6518205256925163	-1.6814946830428328	-0.7209763079865522	-0.7595770464475757	1.7115478978298602	-1.3688430078144935	0.6828118454527863	-0.7195683767106846	0.5900321459310702
0.6818953988072315	-0.95271911089052	-1.6637413505384822	0.03498418883978166	2.2595635349815377	-0.20226415784386909	-0.10049285076868854	-0.24131605069082096	-0.12465581061979052	-0.6795013245895205	-1.6830363601066738	-0.4271735886857364	0.022663650791310493	0.7493923072373767	0.0565669561511352
-0.0933601996071942	-0.7307272164385653	0.7528256805106609	0.21738744850814123	-0.9310577732358496	0.16751179854239928	-0.006183559244787225	0.47871074728544155	-0.08421860165014629	-0.8939791797579854	1.86192279566232	1.665044519895362	-0.29242019752520665	-0.39107724269518396	0.0659513733070904
-1.2095499026257972	-0.9553098973075301	-0.9781972411983781	-0.48047520901117297	-0.10718737944708367	-0.49309176879279537	-0.043488909403669486	1.0496743097826495	-0.057285108677498836	-0.6011608973085873	-1.1208382986938288	-1.3559936944173494	0.3980450194470873	-1.5210251076366272	-0.25121894443062803
0.8274365446454641	-0.8436954427497474	0.224148427412217	0.1235785571103044	0.7678399550040318	-0.2058475851469663	-0.044992581410013076	0.07298853041820022	-0.427525946624354	-0.7298059849323052	1.670651620293427	-0.534866364732978	0.09886373602271264	2.0851430337272823	1.0082475137159892
0.705505503913525	-1.047705148755044	-0.4388189783299978	-0.5560559576108559	-0.2109865068843471	-0.5714074294269735	-0.03175383207351287	0.5074647416961728	-0.4238367823070371	-0.5308113806924076	-1.5586774028756971	1.228574203071158	0.5938679167751363	-1.6109006742626146	0.7265528133360998
-1.7383580736074649	-0.7786079853093771	0.295013841006265	1.1106944435258703	0.13499375588349827	-0.045086361699630664	-0.5290063437737709	0.9541316923420442	0.3402896609683968	-0.8563095485801216	1.830588719267971	-0.043937378840532955	0.0500371976816069	-0.16752202481233497	0.2573749790124992
0.40805427220937157	-1.0142621109004553	-1.4795011302808088	-1.4479127044864315	-1.4606314139378864	-0.5652000007499065	-0.43240253156997066	1.3281734160458687	0.23890975158329217	-0.5325567759019367	-1.3117251346364303	-1.1745144628146542	0.46891946725219485	0.8696469494278247	0.12789588630951812
1.3793962980919459	-0.7841167169489975	0.8556874957591237	1.0790701001936365	1.0553771756431887	0.2619919416767398	0.1392109457587208	0.2288301532912912	-0.33200241473673253	-0.8823052643436549	1.9051674744401428	0.341615654357694	-0.3984526970034046	-0.2867139031647097	0.09991317982412362
-0.44021624193274883	-1.206009008632436	-1.1539796022415718	-1.9089021840643745	-0.4839676122849435	-0.660276003300663	-0.5985658339438213	-0.7029891953516765	-0.08508015464405219	-0.41874726514439964	-0.8416229351203739	1.4317135891679909	1.1024144010451495	-0.38001624024649056	-0.10129261065248497
-1.1268801216480004	-0.6776740004739502	1.147780476006544	0.7551845376920482	-0.6862045974339795	0.5734984917630203	0.5104116466370056	-1.8129700038828644	1.0540257838690477	-0.9555087510599868	0.8868091549571385	-0.854000923890526	-0.6532426338030398	-0.9880979332167659	0.35498584924199605
0.47734590402116645	-1.0817904548937705	-0.7628325241635819	-1.1196185763814124	-0.0746408256441896	-1.0786860604793769	-0.6273659471395342	-1.0025116451999019	1.1679410033785065	-0.3850211202114691	-0.4942289976022664	-0.7909105501348747	1.562953039689366	2.1907669391061972	-0.02760287663380925
1.1136868560824176	-0.6260408221616326	0.5623495640794184	-0.11079223043701701	-0.4277634882056719	0.37615276450879087	-0.1479607656450087	0.39207757634378493	2.160926182946522	-0.9296562639774937	1.107049058183749	1.0818558460184662	-0.35847349205434015	-1.832838330108004	-0.04371917513991592
-2.016218004211677	-1.1190784071722337	0.14946639825889335	0.11173362024952564	0.5036220661178923	-0.7202753608347233	-1.0081709720853815	1.0286406807040172	1.5900868986609002	-0.5009959455381111	-0.4318750743130024	0.008921419246464784	1.194553321098283	0.17016406322292058	-0.47751145765566927
0.831674742492652	-0.6790902397436094	0.5114925418349613	-0.5876648280129796	-1.597953664974032	0.5575303417534803	-0.35406846923617813	0.43164707808073505	1.1246375373021646	-0.9756122852543568	0.7672837226423439	-1.0742117777331404	-0.6925464877149515	1.368374663574405	0.11644283817174089
1.0414606116972587	-1.0417375058937863	0.30957453889689474	0.4251228504104791	1.6605445157723642	-0.605059280910026	-0.9837277690879177	0.33355474651678874	0.36493797145057966	-0.5709599911649154	-1.2241751709460855	0.22980775845990573	0.8662973562795515	-0.3297882036319469	0.34802855269786953
-0.6097296776974823	-0.5946676568073047	-0.5966829965811598	0.5198830969462651	-0.7846631088840219	0.668471442182011	-0.6249374867592972	0.9040992613118557	1.0713335284185925	-1.0816289917290578	1.3972745832678508	1.557198189401282	-0.9397495939434914	-0.4069179346210935	0.7321977355859804
-1.3810753311679103	-0.8484547058557221	-0.3167266492302504	-0.6285832679793698	-0.07344436594174206	-0.16472112640928382	-0.8870710801798136	1.250150557593819	0.9905368367584674	-0.7558506479876267	-0.7276656827903085	-1.104192980550446	-0.023497553173373854	-0.8027145227651279	1.4857976417335106
0.8806275558896558	-0.45164121662043644	-0.8141966164374952	1.066704160966418	0.22048802159239725	0.7898312090482462	-0.6543043209664902	0.20260298487555448	0.7487424431318347	-1.2079952958560674	1.5665532941854456	-0.6819672388683109	-1.457088283024978	1.902522769462676	1.426600992691477
1.2081894556980566	-0.6732124108521769	-0.09900635914014891	-0.8217678971745053	0.5935341133055231	-0.044635589287892886	-1.3827738046899032	-1.2563686760481263	0.15754391951817937	-0.8877208711581325	-0.8343439296963965	0.6748155965965167	-0.2955434693712786	-1.2906435109455012	1.7921053027425262
-1.4251957217232507	-0.24109740225104495	-0.7372686037245497	1.6133469205872482	0.029082580397103795	1.0125503059016314	-0.46603353632158323	-2.174429345000759	-0.04968713802479308	-1.3194267536067532	1.0362883941483003	0.956423911173487	-1.863595665292038	0.06418028527142604	2.2307184543320666
-0.40632223257125694	-0.5601120621985475	-0.1984266276936292	-1.0607904595800417	-1.1855931156039186	-0.291001476888258	-1.5819630039435095	-1.7977450167641016	-0.857288532691146	-0.8911076327375338	-0.6138217254014242	-1.4575164602320403	-0.31645490686813155	-0.4638172674952674	2.1297037058442756
1.0322160118841612	-0.2960314040431479	-0.7979053421433278	1.108268794038903	1.9274857839328958	0.6693408850792815	-0.5658573516209722	-0.22310047945655115	-0.22118471492090547	-1.2195604160475952	0.8978760028908958	-0.11121360706992324	-1.5601559954205515	0.35450463342987387	0.6957427945755112
-0.4642237973897182	-0.653925546167233	0.33821319022840307	-1.1934880558182606	-0.6554853081022141	-0.2925662566204387	-1.6225895652357336	0.6299455327170754	-0.564165329653149	-0.8354289887030317	-0.6692546873345699	1.5895136622872124	-0.37622467224514644	-0.1905667681711305	0.3500077525810706
-1.0292457923575329	-0.43933213490440837	-0.9053594188244386	1.8696930078818887	-0.49919020805067044	0.8014146668904977	0.14972976603942958	0.7181840963679118	-0.6217148270484675	-1.1847729709465293	0.5573601849847273	-1.1955835821954224	-1.8279585800944782	-0.7169660707256555	0.25675075560179383
0.6879433778734536	-0.725629535928384	1.3232017544004124	-1.3055744972391226	0.22592292957966206	-0.3777095493331008	-1.5218989301331363	-0.6290083819373675	-0.42912923175983203	-0.7510183878150584	-0.0013843710357179075	-0.9362766315714354	0.3282811418903389	1.8905222415672742	0.5897474112948698
1.2630095216093915	-0.2559122226008722	-0.7674773833225419	1.9825735603695875	0.3432968994062424	0.7821691070867381	-0.266467548634137	-1.4618890559723614	0.07846444274084119	-1.2559232958721411	-0.716068137696485	0.8038318536610717	-1.9239187473176773	-1.3268610871392779	0.7793342875616277
-1.7276179135823682	-0.555064157168901	0.17871843511458613	-0.7995872020994373	0.2573576653977158	-0.8292596786876741	-2.1438814512870388	-0.9322994309711676	-0.4146966968075419	-0.7791266236217882	0.44630300766411185	0.7491592066610718	0.5027330841203266	-0.13499687521606182	0.9985745537765726
0.5625856353548178	-0.39632220602733986	0.5649017067403741	1.4977463277857659	-2.3508561566038164	0.23125581859879243	-0.36916695554968026	0.254809459781663	0.3357202624539569	-1.0558494510809318	-1.2429728651941871	-1.0546675359524222	-1.4891144611446796	0.38086886259455044	0.6190103850369292
1.20909212770602	-0.6109372811431641	-0.21580797937245694	0.36250860561629483	1.669924813437885	-0.4035364214403349	-1.7824254755327638	0.24197517697612217	-0.7440311457392728	-0.8417669713951191	0.8463221344107787	0.20809642287747646	0.1169984112898411	-0.7581685168611635	-0.15563262967836097
-0.8615743933526255	-0.6184285031526324	0.45551152692576014	0.8252370540331225	-0.5368624994282479	0.23867173438220587	-0.8099407390030329	0.201291994986698	-0.727429847323476	-0.965872716793851	-1.146016867551492	1.412520478139216	-1.134668377726383	0.0481072983865973	0.2212328628271086
-0.8928997933697751	-0.6818198255474484	-1.2547264180456752	-0.25441582025350784	-0.6203683534715826	-0.23522290878619267	-1.0905517580762223	-1.6740409876383904	-0.4542754826629727	-0.8283699447999376	1.133018480873471	-1.5010999169148114	0.14614206163292495	-0.3892244072666635	0.5164980467123853
0.9998940989134513	-0.44785050413372623	1.8226734646815717	-0.2619933829140469	2.018931658795813	0.2903115238043608	-0.7495794650919549	-0.9458978552850852	1.1329423666991727	-1.0134111012059501	-0.21661025454377983	-0.10696547193126373	-0.6591983709909504	0.5127716908621842	-0.20429571374989855
-1.2409946348972878	-0.6137628375438158	-0.1456500676030481	0.8406791549978755	0.009720333200134807	-0.4363750793057235	-2.0197506427349485	0.29713239021491056	0.9847641593033423	-0.8293120215177088	-0.4554015098971412	1.1483143913310665	0.08101147665813123	0.4815289083472613	-0.6843873685039298
0.372765051282839	-0.26690686085005094	0.5932555382653346	0.5182253226975126	-1.7262820479309389	0.36018495949833723	-0.7402380965884957	0.7125500524529939	0.7888269670533046	-1.1266115389915636	-0.3998763673766852	-1.1888366151997896	-1.5898600658762234	0.6695316193138345	-0.5419575643776836
1.302717772527875	-0.6278882330754175	-0.4245557160266499	0.4507595254051934	1.7869781701331489	-0.7102268559825113	-2.0499826790013755	0.23799978493557902	1.0121231969720057	-0.7719768905221379	0.32092827304680815	0.1972015003996423	0.5165102218868689	-0.3046427111347409	-0.6719706289371713
-0.550837050912435	-0.12934440043311318	0.8703292016370943	-0.21599767691818034	-0.5315479348260199	0.3226394702738399	-1.1786916054609768	-0.6313108939351886	1.4026568723827306	-1.1698381410048493	-0.5754832348460625	1.5502152651623862	-1.4290342148200579	0.03113317250989903	0.010971462964611652
-1.0048336765840025	-0.4698787674497833	0.11778168342637156	0.3748628113607299	-0.48038718228484617	-0.6425445638119137	-1.5520418188272842	-0.7207683011352063	0.5519725933058423	-0.8466764958849119	-0.49902661172294366	-1.2331531691644364	0.02993285627947983	-1.0222987547739553	0.3357976420557756
0.5713242013089019	-0.09874173087785137	0.26361888675297923	0.11733170090167684	1.8145908797601948	0.1816752809240728	-0.5954026140193267	0.24074967697827676	0.5273340432696209	-1.1486725705404084	0.10815718960630949	-0.40605327645642386	-1.6596543262918526	1.9108897501481845	0.0738863317381021
0.265545787223658	-0.3480632660760815	-0.1322890305507029	-0.016873243853216542	-0.5175702666394105	-1.249159163849534	-1.5087711271853694	0.8540720016732762	0.061889814514096045	-0.7128402552322936	-0.1401759394811589	1.6150590137758942	0.1311262654471198	-1.004425722539309	-0.5343173129240033
-1.4765213192108764	0.06656610186695809	0.49048208182162495	-0.09574480247834569	-0.11831656921986725	-0.16949375770200217	-0.12661059498153815	0.3819784634853985	0.7740921586268859	-1.1092738564708113	-0.18182049559593877	-0.8093199824184545	-1.8145036719049996	-0.32979792989632034	-0.424039979539289
0.7990043201952559	-0.26542740565136624	-0.14054325550028565	0.7314935059948151	-0.43413384436810315	-1.1831811737047873	-1.976091838723114	-0.803272703422664	-0.4889431417296349	-0.7862259763710817	0.05396376341378008	-0.9170731893612649	0.34521247304527264	1.7274271356214863	0.21079543368077014
1.1861049484037713	0.05165209014680365	0.15895531181947026	0.09545671185143573	0.25480287905982063	-0.11206745135459521	-0.7357717072305079	-1.5557473749764152	-0.09082336875454104	-1.1503001234325714	-0.5970650467794442	0.6698232015760102	-1.4814084087207675	-1.1218894850548187	-0.09862346521278538
-1.703207022784559	-0.06898357905531638	-0.4012005228568955	0.7447656356078467	0.25037336760792916	-1.1030113180058068	-1.6593710278469629	-1.7961555582306108	-0.47213377470426665	-0.8742541510965705	0.39505305803834706	0.6010195785228868	-0.012939976988594884	-0.019869080399101537	-0.8284096619002019
0.43427837225061205	0.053689925337173816	0.3382169634923252	-0.23856915607787807	-1.8823833224022577	-0.21277830372052134	-0.9764188534406771	-1.3018399525999915	0.06258240521776874	-1.0732544838455307	-0.7283012559528234	-1.0215098596015275	-1.3405877035841092	1.477455725575318	-0.7060097348587127
1.379702334672258	-0.19879477552357527	-0.33437423124248766	0.776631930087089	0.990762995653198	-1.330976202715777	-1.5295941845253875	-1.7568540795106156	-0.7426694815194193	-0.76044692520172	0.25563401739045183	0.5459081019553089	0.3848261627358246	-1.0414328030399234	-0.24405931591609806
-1.4837884597304332	0.08937935732167011	0.9139695899851791	-0.34675321871367754	-0.36930123292193795	-0.3043819776978198	-0.5896597363342299	-1.6981284981382574	0.12288162957209324	-1.0286293822912722	-1.220703348747793	0.9093126887880176	-1.2862510615930922	0.5914265725737826	-0.005073947700339086
-0.02965594889447561	-0.07084575425563532	-1.4311382642167703	1.3455922688684046	-1.3289033583726433	-1.3965206889957442	-1.6785438230770586	-1.6295420100250395	-0.15670536168748503	-0.7447414012637452	-0.3181214956768462	-1.2674358533359154	0.4631585654252847	0.11378492983243138	-0.3602188090891804
1.117746601734352	0.33048381017723094	0.7732139451471486	-1.6246322330413672	1.374080765092285	-0.6047299300553467	-0.5602328871556481	-0.1616599198116868	1.0501336121338771	-1.0335103421789391	-0.3294833193727307	-0.1420606106062252	-1.2287992158269496	0.8804753375874872	-0.5144981175416143
0.43064122805628885	0.19833601803869313	-0.8637515394753456	1.365577222381571	-0.11335480740969406	-1.7145548197833367	-1.070004118584981	1.2038756623343319	1.544014229637565	-0.7753617304954737	-0.813446818244528	1.4888004802061874	-0.15938748706348657	-0.9584541260101288	-0.14648669421970795
-1.5539048550831611	0.35584821932909255	0.3109653167187944	-1.228394132142322	-0.006438437811345965	-0.7782357007988803	-0.39065507944618366	1.4073970246060998	1.732014841813556	-0.9527119655964602	0.6191350306813543	-0.2472065017203395	-1.3940203065350572	-0.2667148670052476	-0.18723378160581625
0.385770046970892	0.2638042002882622	0.22213886840955177	1.0326982324289027	-1.2435537703308073	-1.755208106467988	-1.5231439453240745	0.2585421248700426	0.674846070080148	-0.678899150840902	-0.5383271442149092	-0.94411769243173	0.11040478961219337	1.8464713150957974	-0.7573707179813701
1.3805807832502806	0.4771227136239356	0.28116293224807687	-0.8832732517756196	0.6294836036363164	-0.8720574097276818	-0.17456983641178908	-0.989068209856497	0.3500265004571168	-0.9474237868557526	-0.6800707223527628	0.28345686865337055	-1.3768800602658673	-1.0270786255404016	-1.8609249826106442
-1.3011968622570567	0.2761153099870179	-0.2530287151657781	1.3223854331327967	-0.05246801042480909	-1.8336639336630705	-0.7819025124531573	-1.5726083561438273	-1.6365729505011348	-0.6808116664886755	-0.5932256610112188	1.301851633956652	0.033415050652132704	0.48191308303097546	-1.6071913616094635
0.25737421017532325	0.5944353873257151	0.681667781255314	-1.5055833405380596	-2.0952486987086987	-1.1280417191732843	0.0693096636702621	-0.8234239890738045	-1.055135303822163	-0.9103289650074085	-0.47551871779589455	-1.2414073637492014	-1.2891209966624513	0.19119267724418404	-1.9748748158607456
1.0816917957200454	0.25954274396156013	-0.3278793161012457	1.8476596255213096	1.9670943268708203	-2.02563350155896	-0.0036747969036184107	0.4394228290048263	-0.26757471725085163	-0.5082685833548214	-0.7643848117666321	0.08862967216989671	0.4773373280614265	-0.23686097773466222	-1.921808639019699
-0.9520986663291789	0.6975846116249166	-0.1128620862458936	-1.9134868012587178	-0.7293975297631221	-1.2892235722411791	0.7546030420361205	0.8225277110034735	0.20878064123005882	-0.8077482927265169	0.515749008803144	1.2813140137424406	-1.2291333040865264	0.1457160019706097	-1.5864213136008696
-1.0037739250786666	0.5660809010378653	0.32970136179761783	1.4615916865903396	-0.19760004552252294	-1.8745403435352397	0.4976692899876427	0.44838252096391334	-0.15067254647470588	-0.625179430816584	-0.8035907258475162	-1.2940492846792029	-0.27445956631155005	-0.2561220445140479	-1.278841470654316
0.7445938158763767	0.7540395415680327	-0.5296399077923661	-1.1165000946772623	0.29809709109108035	-1.1794647636090618	0.9957693414669428	-0.5665715937457362	0.03057814631227682	-0.8458836895462216	0.19008112867539625	-0.7394994249355249	-1.21307080568066	1.8413584708364485	-1.3504766230091152
1.2150550971811642	0.5683525459059603	0.5338712269204804	1.480496525163992	0.9515154867254795	-2.235622041214733	0.21936168297515773	-1.36138738348685	0.6023259405641603	-0.42449890381402466	-0.4373028309120152	0.7843889825959377	0.5536044661001263	-0.40376809143443027	-1.9176361946589504
-1.5291871698891895	0.9925594008156363	-0.3099430982170809	-1.8881518542337081	0.22233764954124552	-1.366890579213467	0.6915727041836561	-1.0900820394203614	1.4657547051718718	-0.6315998761908805	-0.03395302526810155	0.7949601213273143	-0.7198286429560725	0.021609437276286787	-2.775388526744436
0.39627654273153295	0.7488767956515932	0.17398488804753987	1.9237463929472687	-1.5781989366493494	-2.284709450649843	0.026239647082946377	0.143613807629597	0.7748788352659234	-0.3590454837138746	-1.174917116183902	-0.89045431492802	0.5372543017837927	1.1576763948172903	-2.0944261164652236
0.9978916213744075	0.9237446363799959	-0.6875925883865233	-2.3386889314556516	0.21259287634424912	-1.5410479996760724	0.9046480794833065	0.6099195904220635	0.7283801679789527	-0.6429985773318205	0.9244390589130806	0.73012905932431	-0.7211227594528731	-1.5140128604465124	-1.9290752729937097
-1.8479425388254898	0.6199004217403064	1.221694538192951	1.9435998583507876	0.06271244024751894	-2.1240858876145006	0.6592136242135422	0.9389791303730917	0.4134627769612143	-0.39492767260034467	-0.90346198734356	-0.02357982900396662	0.42515701656445615	0.16616942628546058	-0.9245615690346777
0.7605496945270928	0.9698831797697386	-1.4865678183553124	-2.477345820536515	-0.6925289340772823	-1.8064592281542078	0.3711862941127545	0.18334489792640343	0.6075270575881706	-0.5174547102031233	1.150100958829497	-1.1239967793571743	-0.1657750571705047	1.455118308560419	0.1667496162410116
1.1673724098594374	0.8993456257902591	1.1517075213728813	1.6490271363488354	1.134873127017193	-1.9519303775361918	0.47464105822387226	-0.2501408327238478	0.038398822007118555	-0.4359340776503757	-1.1933169294184391	0.6630272924665827	0.13118646843635454	-0.4814791326034887	0.372798564887127
-1.129024132532324	0.9623566044568118	-2.0156557075108426	-2.2080199914510072	-0.21001768009747454	-1.8142831160805286	0.27349097036590075	0.28504440239417533	0.541466179619258	-0.4568149509717389	1.2563399128932886	1.151480400568279	0.00903938153499663	-0.022519797525607524	-0.221811791103368
-0.6649289998750468	0.8817413857994186	2.220282786855357	1.5055232751070096	-0.8588865979589491	-2.00873582438525	0.9848323074456153	1.3304293652907688	0.37723000593658296	-0.3843048191996513	-1.179496651783098	-1.297453035755424	-0.20190331639131437	-0.6158188456762	0.6466904811267481
0.8832666705704042	0.985165492359053	-3.080489650001899	-1.0674837443629919	1.9064910848107115	-2.251871887696325	0.33924715827129803	1.4203174701520427	0.09779070653147116	-0.3221530102839159	1.927866313051179	-0.36609509354092884	0.23150734401521192	0.8868226200225228	0.6522421740228854
-0.44477440400611934	1.1181131130775628	2.526397335803866	0.3894517664925852	-0.9206542751323895	-1.989663835271874	1.1676991308104359	1.1954508857026984	-1.3161165485384945	-0.3617676832117424	-0.9463718041957059	1.668455342290311	-0.5135572239240398	0.5435292481581235	1.3854475842441794
-0.344606214943649	0.9361153580217824	-2.8923355644020323	-0.14817401857391307	-0.9880635885687085	-2.5049677473892924	0.08915590128070228	0.8131411654166402	-1.7293760445675916	-0.041749733617229556	1.2994902693870034	-1.497675950515272	1.0903622075453805	-0.4123223450774304	0.5735893991729522
1.237238909207761	1.3457106040958997	1.9773909456193022	-0.11403113135905871	1.560777524165232	-1.6479964606830944	1.4720164368306623	1.5127284589292227	-0.8811292825313155	-0.2847974520799099	-1.1721375850072266	0.1172123799169445	-0.6213295498777853	-0.2381380788212866	0.5841013077611705
-1.2996379530343056	1.2433638066714932	-2.3831909815057912	0.7259236071297067	-0.2754314329205224	-2.126476889812245	0.02422570119902395	1.6545488187398496	-1.126615175720465	-0.10017239281960787	1.091105393505579	1.2756674697949715	0.8694428902530341	0.11502389731254907	1.1333536025786748
0.11190506467786075	1.550563419167202	1.2227772433646222	-0.277562100645369	-1.6582418351911046	-1.2911297048095984	0.8889200183128282	1.0305514682727308	-1.6044231965496338	-0.17401281051690384	-1.1929494352955423	-1.2970178447530076	-0.36727468779313077	-0.29623564584139467	2.0738762768258896
1.0148905438068465	1.322923428801896	-1.8588843710447498	0.801329635201085	1.8090754195583465	-1.3464336560194239	-0.14604354516908818	0.7833688409771845	-1.5249847448511773	0.06010662472584664	1.3677600011992446	-0.04964512562337341	1.2515855127323345	-0.08732419399259561	1.553560162727243
-0.6326414931817248	1.575104656499148	1.2294446684368627	-1.1710590297722174	-0.7732408685584756	-0.8278807021903204	0.6445408028117899	1.0710155936554167	-1.2189544476547787	-0.09654465201790528	-0.8187056489803521	1.514524390805861	-0.2538171290124621	0.04547237003831526	1.5469898349278528
-1.1068303938499708	1.1656726468613368	-0.0951036070406625	1.5744378789411135	-0.24302198937752115	-1.3810821582003439	-0.13282733518786452	0.5728200666571858	-0.8074484386579832	0.19157200078402437	1.0760468903789844	-1.2893063710900305	1.425849783816258	-0.47063209794895094	1.311159479751743
0.710826090181321	1.4205101272600926	-0.15454070919953103	-0.7001273026689407	0.43240362532742366	-1.2450947330584423	0.6676813886476792	-0.29630649696931366	-1.1422639817038769	0.01773295826913984	-1.3090897036914038	-0.49264532487258234	0.21122201727713452	1.9145034933284342	0.7088802164009246
1.020351648811863	1.4593450681137032	-0.5148771435840619	1.3792111372387723	0.3447580328856751	-1.2329579280976815	0.4011029896617343	-1.5217454610702257	-0.8279222380494724	-0.0835023378724883	2.095363176245072	0.9385290301342186	1.175285493651152	-0.5955901334187403	-0.5151721204251819
-1.47758669658881	1.4491403159643759	-0.5711505334782535	-1.2665073777464146	0.3783947527228132	-0.8472897257132104	-0.3072159610505695	-1.5561322249567051	-0.2151146850815207	0.16283324211273095	-0.9519989578049799	0.9296087477162855	0.7740995369894745	0.025251555895261037	-0.38001442929671986
0.09223642847810483	1.6593146264530447	-0.9679160066684575	1.2775169382947777	-1.6796118886840594	-0.49603035747731355	0.12622642364150127	-0.6612398069556451	0.15696868771828273	-0.07171444787297347	1.6008562635165169	-1.1546283300491331	0.9728771939834309	0.4543829675487068	-1.1141929818806438
1.0078810650528607	1.4490703725214156	-0.2324827008427746	-1.8212233775259659	1.9820358630487969	-0.639801771818886	0.05245032977779353	0.6083809731462292	-0.412515057170737	0.29538241608156174	-1.0145012688876744	-0.08829106725957643	0.5919760385822592	-0.8556269095696026	-0.5535236732987028
-1.396666595400041	1.4502941437147363	-0.3555254141892393	1.5699537314467167	-0.15659019454727416	-0.7391013072975213	0.9509004320439453	0.198469820661801	-0.7417988531048172	0.03723163395741616	1.1353463048737067	0.8445240990680076	0.6298590729433159	0.43849040318385474	-0.7616567862433256
0.27508797462349804	1.230107488301746	0.40240754959032765	-2.5961545188993136	-1.2536602878211447	-0.7866144751489753	-0.10722458074164469	-0.196899548459513	-1.1841422224648959	0.5136667124963618	-0.5464018477085215	-1.2589868644697602	0.8687942624419214	0.5362761593718909	-0.8812392138666746
1.3570532134791697	1.655964285563222	-0.802333674957552	1.679487587656921	0.6283823350081483	-0.38420174808154817	1.369336379177132	-1.5645040604216842	0.1519477029560619	-0.18477806082034898	0.46406118876238595	0.5100749556570645	0.2455596145862663	-0.41781312301445495	-1.302936420858315
-1.0432748673194037	1.3019656783820195	1.1998417561857326	-2.2144618267346043	0.1894203039228346	-0.8026586421248693	-0.03789699636891364	-2.210927567917214	-0.8409804661402938	0.46080224547875226	0.027021737981607896	1.1872346956196222	1.246752101687279	-0.10808043131361972	-0.15499740834539838
-0.10961131553953156	1.836553715922103	-0.49630201874136703	1.9537203451972536	-1.6381207186335136	0.1461370395948002	1.2047639347611314	-1.88936024083763	0.1479303419684551	-0.2337237546509919	-1.2395279159326003	-1.1005879274227017	0.08097886507247479	-0.644369047152371	-0.16001796648974811
0.9838480768226047	1.3569160088737078	0.11090732564124027	-0.97012787955205	2.149166909195688	-0.7050992612337526	-0.549633447650567	-0.4058773600224881	-0.047759809547765514	0.4137611363623304	0.8621125138306053	-0.3810132244246841	1.4928157189674423	0.17839028838660848	-0.07565587378506584
-0.33133909726563154	1.587452150513526	0.02706401815416982	1.1415577173570042	-0.7175197612877002	-0.17093922848373763	1.3771572087567763	0.6695895918143101	0.6866800506181013	-0.018346687143999115	-1.3272739855533395	1.636289303285624	0.2693964318942004	-0.34225460461402574	-0.3829087568742664
-1.180703149191773	0.9290515464461995	0.303927408272506	-1.0338814855545564	-0.1195894545703889	-1.312024431222519	0.5152007620258365	0.7478861351813036	0.2510601215244925	0.6512119740962647	1.172673438166421	-1.300295410589303	1.279677560378272	-0.9385762067128105	-0.2924708509887587
0.7440110702996399	1.2991464474462087	0.0023103095207155644	1.4383529805073665	0.7534198734581451	-0.9592238979003762	1.9630825997594725	0.13323707588000883	-0.03485361002805686	0.231837846330299	-1.4602204181999308	-0.5369921971102761	0.5509873045344104	1.872369481377338	-0.9650844117203765
0.5589766861392464	1.2427020039276706	-1.0768358633759185	-0.14525418624903544	0.277841455187814	-0.8774682313157364	0.2539221286859248	-0.816784066776761	-0.4954268464396261	0.4805775825944431	1.0156669342593088	1.0055387960618145	1.4071589836890661	-1.2644453769318804	-1.873956316045072
-1.5786914800372343	1.4892155219134933	1.7365583999265812	0.029710718336903967	0.38565728494631585	0.13607047520834537	1.3804085078021038	-0.03667588408414793	0.7361691257198478	0.3039504859668544	-0.9465643311696736	-0.046405854541168835	0.5265687704231262	-0.150218547017924	-1.9377860859144935
0.23624061011411554	1.1544191564299238	-0.5021032369706894	0.19760406686345958	-0.6813754219312935	-0.6306471183982705	-0.6129386849196299	0.8498052747974574	1.0753644825290238	0.5724728324514932	0.8667093867252774	-1.3185018426008688	1.7094550538484554	0.8739537246730973	-0.680253367983302
1.2192396353952057	1.4605636704332225	1.327638825811648	-0.344290088187568	1.6605845080746138	-0.02042562123655484	0.795203826381473	1.1319516312944333	1.2201639538473776	0.32029118336159856	-1.0194807831297774	0.14202322233872555	0.7376673573284478	-0.8738806039058795	-0.1504403356648062
-1.3622916675768766	1.1320520900035724	-0.8170176074908341	0.9776897371484329	0.2647157666189962	-0.28791564359799987	-0.5514094381761511	0.5614356580951092	-0.4330486200659523	0.6790078329650578	0.4670436213576404	1.1953619037385426	1.4790799206934575	0.6964430500639591	0.31472583825840067
0.28023420829220097	1.4967073411979102	0.0015337335052829967	-0.9429866163782558	-1.700482546739642	0.5704146380947469	-0.23897360337604023	0.4194488446438497	0.09347018761182038	0.41457667140621296	0.7468269635021567	-1.3147296633353276	0.9747004388811947	-0.0820051438809438	-0.47155270742672906
1.0722661447015234	1.0989066806724344	0.2515171855651341	0.28705002572997784	2.0750825038114726	0.39711238233233254	-0.4941361301901571	1.2560966706495105	0.47002080169396254	0.7304914241117452	-0.3992159928385623	0.06841716646747696	1.2400822978668442	-0.11845479291021482	0.6305816798840801
-0.6721876332963614	1.4946422907591501	-0.7416280235879584	-0.5745244056227322	-0.6848208713998553	0.7647181731839918	0.2592044224473082	0.9758579898024696	0.8106140384780224	0.33460499058578624	0.904064847221992	1.4843694725847039	0.6337575954506465	-0.16211395832277622	1.600832343222796
-0.8847202381135114	1.1822271040708858	1.4206119956424477	-0.2441157166321253	-0.04259091205647904	0.41035640122685685	-0.5535207494563561	0.33411451610927834	-0.3870869525785609	0.7788053005783064	-0.037633385213950835	-1.1863123951742505	1.0928864757035883	-0.7163300556998805	1.0774524383027102
0.7008115035882949	1.521035308231529	-1.0504182462209644	0.447322562147789	0.7240395936396454	1.039710272892826	0.5020561518695558	-0.35301809513055304	-0.19063375370519753	0.3345724682807365	-0.29412610345630935	-0.4806965523231894	0.8178020665818642	1.7527264158061275	-0.26253601841497576
0.9420445444055283	1.1982186647579283	1.1369972793359264	0.06467432183305773	0.46928512493901653	0.4741700304959408	-1.0829946140079254	0.09414635210566845	-0.38214414558864884	0.8401974906591694	0.21488758899713203	1.1057908812029582	1.576135067853769	-1.0973759102681633	-0.47434984592843654
-1.6341855295572423	1.410274947719101	-0.10261267024502616	0.4119894083005927	0.5020466879790508	1.2655872659024523	0.19664286135919887	0.8416514434083451	0.4358845508446595	0.4713388445914045	-0.9964556863083749	0.04881632476394654	1.009990750970456	-0.3427066836164226	-0.4995146312215721
0.5241868994409393	1.0682999644887432	0.5696158133636192	0.16739286990542712	-0.8071724457459214	0.2410036110676901	-0.8704724934619318	0.4538234509838591	-0.9719762700283118	0.8596059471732145	1.058471397433276	-0.8841231169617895	1.3023752944422524	1.5777377277110594	0.1996145020003876
1.0913499182220974	1.5053741024723064	0.1579816688277271	0.34450998694767687	0.6373910085931025	1.1628047769527137	-0.4148604381868693	-0.5169169566490994	-0.327192512500511	0.4664284743632065	-1.1523627335264275	0.6204387036957646	1.0836632187955983	-1.311886753329948	-0.7149295452193569
-1.57192883722139	1.06691660357659	0.11640853468734072	0.3962126156790849	0.2536054097516865	0.43214663223509836	-1.0925412571832318	-0.05351707737914994	-0.38873545671564874	0.8976340968894301	0.9183112235285115	0.5880906575704354	1.2638969149753876	-0.05498213773331722	-0.6723105654079603
0.4452198648167892	1.3531316878506914	0.21796554218883532	-0.4298961756363791	-1.4411016480813403	1.0596485805991325	-0.06138940796667054	0.5590869927225957	-0.23759719596577225	0.5758517327835168	-0.8622422945474107	-1.0637208052568716	0.7820977854116189	0.8920912597448051	-0.18732194120661527
1.2797737594968237	1.0479627661528237	0.41137634016206265	0.5380185402304969	1.3204788854383416	0.015513147650442467	-0.3203514659144048	0.37707924361371603	-1.4264502739978173	0.9140018534473455	0.588634095613073	0.49031576792228787	1.0199597809561625	-0.8364996199627697	0.523576650989586
-1.4248769814484077	1.5138892601290448	-0.06021844766331103	-0.22342498598569177	-0.002008533168944472	1.2271525621693795	0.3704167382163681	-0.07965774031661575	-0.6632428020793164	0.44209559793478026	-1.0279749572415884	0.843342752887291	0.6445446940145442	0.2367695696599445	-0.015379327522027133
0.1351449401755659	1.150180751231297	0.4405868542397112	0.7791745872868261	-1.1725702105607527	0.6119750340768314	-1.1171009112030652	0.3693087849714678	-1.1535968701441857	0.8728060292581038	0.24183264490352713	-1.225783970781373	1.4809941595339913	0.6726885552049771	-0.4223821935417309
1.0483992511470313	1.4885937393641775	-0.47166512745478645	-0.3481029057811981	1.2263825716220587	1.1925536060837123	0.20617750656556535	0.7655125952983796	-0.7389006178422	0.467152248518154	-1.0238015421466116	0.1978581774236672	0.7099279404631187	-1.33684895631352	-0.06635659670603232
-1.3442699805701583	1.0639571723207355	0.6309030873724888	0.9973616500096077	-0.06165865077832541	0.683866933769218	-0.7077636417897331	0.5802823886265992	-1.4872064683886494	0.9284112101465114	0.3274030355876902	1.0342538181576366	1.0961886039271547	0.3107304065546188	0.5045201418959453
0.11172233398692964	1.5646865467185747	-0.16926749060992516	-0.77811344332274	-1.5628132563502664	1.5170302333974117	-0.12941775313202022	-0.21986571510801273	-1.4256058755103638	0.5330396619902625	-0.8982286144946074	-1.219530102749687	0.6358083351739083	0.184433112400636	0.922538739948627
1.1244540197613548	0.9880381215147247	0.8034006259417722	1.337447930265589	1.7049971352259041	0.7984733311577324	-0.3257087595060169	0.46404970151081537	-1.7865141726392313	1.0412843619582495	0.1598582070423454	-0.13935279128177022	0.9205132003859573	0.4187975630821964	1.0002905499489338
-0.32087501228318116	1.2577280782860585	-0.8834552174221947	-1.4307397267338846	-0.7116711931311188	1.0973300358700733	0.3659737290350896	0.7806452413184095	-0.47787243826464754	0.7213457953168462	-0.1565265676601455	1.5212509430940353	0.7618341436585297	-0.28204888709827697	1.1708877756621108
-1.0954915224029549	0.9607252688951002	2.1065698819685017	0.6429248203438787	-0.10152096293403458	0.6213952536984843	0.5587917658444448	0.7535606234296424	-0.8568726991036613	0.997399208932849	0.30030010628303877	-1.0385484879434153	0.6565588276340993	-0.5821081723733699	0.39877357238678734
0.6412185327787601	1.2567242163833878	-1.438830157190508	-0.613165278911817	0.4767497120792418	0.8184109883222803	0.9977839725517752	-0.3971267980359891	-0.20298145006044774	0.7399494012854876	-0.5968538874739376	-0.5374352340951982	0.9277938501377789	1.8067460684999437	-0.013676301816766183
1.01249680384323	0.7225295285076582	2.1122247774232106	0.7301284007235012	0.7643598248153184	-0.3958126773649993	0.7161275972721037	-1.436777580143473	-0.5500239232691286	1.300052935095598	1.1078465570590958	0.9140891827768834	0.1467215524438954	-0.8728983475453119	-0.5595657636285263
-1.3944847429327416	1.287403009492908	-1.7910662393907644	-0.258829283232097	0.07403209181269024	1.0830072820567167	0.18168910980601483	-1.405426426167492	1.2093893699648215	0.8109875086049997	-1.669362052315383	0.8281079237896695	1.1699757033951672	-0.22779003747591833	-0.8221604388339395
-0.339226690237431	0.9597313593841016	2.0380022325560003	0.4052258755478946	-1.1160435028808398	0.6397030828575604	-0.18100189896758714	-0.2737256960987675	1.8109133982881076	1.0714087051828494	2.3407539791244734	-1.2652721992120308	0.4594426246836042	0.2708475789540559	-0.5890994965766553
0.6965586278495092	0.6140722913980956	-2.2666995864110557	-0.4398551104082303	2.147707757637007	0.13405308436683558	0.02807235735577722	1.2573975481047543	1.4519200920183943	1.4042197484210015	-1.5018169964381118	-0.41019844461751204	0.4616614984856028	0.2739346121391731	-0.022785762570912704
-0.33448626397443215	0.9491115122182253	1.6426926027017124	0.010432555258129484	-0.852166236393604	0.0419101470375321	1.283515955415068	0.734878822537084	0.546090338720647	0.985031998222588	2.0691937890698524	1.658456726720991	-0.18402500730697735	0.3571493803180998	0.47639165448392623
-0.6846515884587329	0.6037847747816955	-0.7068369896146216	-0.1969883728924796	-0.3735860082536942	0.11450277581403133	-0.2856578676626908	0.3952089318705107	-0.7228815322877566	1.397727081534555	-0.9975878763944553	-1.3802652379402511	0.3041910245681956	-1.1762615855371243	0.23417999220888924
1.1806640493772063	0.7074488870722969	0.52356273172537	0.5287053771213077	1.075463094037075	0.26150208460050545	0.6774149009650741	0.2698411302394571	0.1933564419539831	1.195564617504152	1.9545203988889657	-0.20147909222611596	0.09951423811474595	1.0675680460057655	-0.05445413927044934
0.1314072509473197	0.2842164645994764	-1.091370688087901	-1.3456061424198051	-0.2826386558590749	-0.4244701017383943	0.7237139991207876	1.297350442035474	-0.49451306341923784	1.651713902025078	-0.8814259775305335	1.2175249509751718	-0.7489082907550244	-1.3786626398849553	0.32807903672170025
-1.27680417189885	0.6478434855523698	1.234863964721442	0.7067353257683963	-0.4009544668809177	-0.2776071685388524	1.9845583610156718	1.2574890349626504	-0.03828538094831061	1.1555544359392773	1.7905210742152227	-0.3924742194011804	-0.4315032415913673	-0.13859659426316148	-0.05108945278185212
0.5012948326470175	0.15788526851763984	-0.6909507615040982	-1.3688201737137715	-0.6652365752100102	-0.622947549005606	0.7458598486546953	0.6248239383195239	-0.7787632498511924	1.7199197058751698	-0.10353622934124107	-1.0070011265941161	-1.2030437434487753	0.8405816520468293	0.3171997134706261
1.3273911629461095	0.7919322366516225	0.8771433146071441	-0.03683189771816367	0.9002151088507176	0.11198145817667321	1.5595312934099166	-1.1156064542943187	0.5503022476061948	1.1715979639168044	1.1187323570277723	0.476011373535015	-0.4656350027630592	-0.47516528716411394	0.5448672211866384
-0.5923603987173954	0.13231096841614617	0.0474278662200037	-0.7304897870650776	-0.3165561248696513	-1.0632113009502446	0.6841281274674043	-0.5796857776548747	-0.36514232858089013	1.7793763496036719	-0.6267241082198297	1.4162756145574822	-1.3488248901358733	-0.1973488021545485	1.4272381028049015
-0.6589829374001467	0.5621626095433321	0.1985534606386275	-0.030092815584851697	-0.9476552583894278	0.003340824166139931	1.7865086951059037	0.22946916740221823	0.24884342707210738	1.3628419458475458	1.0769380257355357	-1.0732825897962313	-0.8417143302328481	-0.7845384565556238	1.0326963750238618
0.8229165798589348	0.03344935811138816	0.34983681844258835	-0.6631772263436951	0.9597324111866012	-1.3586452278881456	1.2568965243784722	0.3544781525361222	-0.7221382002893522	1.8360729757617862	0.003342110845318877	-0.40990011090416	-1.6915128718247592	1.5339214116588922	1.1427224372227813
0.644975936086818	0.4108623910328913	0.09356122200467129	-0.2467810268584279	-0.812767495291029	-1.1617444063896334	2.4480487520604743	-0.1950802113947564	0.330358641652906	1.3551041507537482	0.8195595505547503	1.4448739953168361	-1.2768385756278828	-0.9122172554903466	0.5899007721036578
-1.4755533290592806	-0.24727714661625602	0.993611843075867	-1.0598627915004124	0.2835420387643927	-2.058964157497359	2.1473986928517945	-1.436481053657875	0.16378262630865678	1.9510733828490459	0.11751845176902176	-0.41470745741282095	-2.2988626351448644	-0.30008900761318064	0.5300713912331962
0.9246555927314422	0.15517311253911856	-0.00513816010155824	-0.5325945768057941	-0.8075015696909922	-1.6065720450469512	2.972523533550692	-1.9736200235555579	1.0532003475036436	1.5188775101056566	0.3393547794477856	-0.7227410192215128	-1.6219964429884663	1.4927092243923528	0.2937399448441205
1.0708112513393613	-0.2353218301284783	0.9071621225242976	-0.4878685414313523	0.8535013491154606	-1.1619813484803738	1.4919467495871943	-1.642026601981316	0.6249268570960715	1.9845415851938695	-0.45727559884566304	0.6225305626150222	-1.721336352593799	-1.4628680758758694	0.15156758583619775
-1.4179201490237716	0.13670028107226612	-0.594489493977896	-0.15197245702257445	-0.220480274145326	-0.5227236009794	1.7040730442810215	-0.16492934691435854	2.860842456573207	1.6695224270455495	0.8265344690397253	0.255847459260585	-1.0960124078937787	-0.07254388512326689	-0.44070888396050134
0.6431999601643307	-0.07189135587388631	2.200337779076712	1.3191264922117225	-0.944890433866181	-0.8642339799974174	-0.6907752424034277	0.7420257143756999	3.2971989606217558	1.8154746628103184	1.370175959480738	-1.3178335162476158	-0.028506650271215742	0.7235901373315473	0.9925542055690006
1.1038228540927377	0.5982444130987207	-2.39729155777389	-0.29469180611967966	1.641328229548196	0.6057233331404439	0.06569716204020588	0.9962433633510852	3.595708076805298	1.1503689449086592	-1.398634334724242	0.17962542536316523	0.5068685313228853	-1.1298932238835058	1.8523919172989671
-1.1590781987113403	0.6787884054618265	0.9381881211704758	-0.02975142308632915	-0.3196406409046215	0.8943344243506791	-0.5376484339566836	-0.43809543901776377	2.998119484225301	1.2454970567835573	1.0519087431806449	1.009509613028369	0.1688448371952628	0.6392801589274654	1.64524569768384
-0.013151623460160217	0.3380420079959552	-0.05425091655062789	-0.8306181358018997	-1.2832882226156368	0.3900745171371675	-0.43943021325980625	-1.3781302973875043	1.476132757234017	1.5144886677366272	-0.24210235766609994	-1.2928092842674954	-0.3420222582312036	-0.10559495145738755	2.5617324806245323
1.1577664911610772	0.8559904431222315	-0.04995156510884582	-0.20931391994027285	1.5829018339401257	1.2069000797656895	-0.0502250549320731	-1.5763636110758188	1.6553475254857901	1.1085037438698997	-0.28113617325833146	-0.05910728299587918	0.3676418875740656	0.0044901663148569585	2.595379625746071
-0.6355612660311197	0.3376174601676123	0.6589291119645422	0.12852224463195602	-0.5604364376864045	0.4441627175626831	-0.8680164322045347	-0.44669062055777314	-0.24107793590437912	1.6556808399236518	0.2799198834846954	1.472515422283504	-0.5080887532082647	-0.14423482699111423	1.8662905940078216
0.17211369803825932	0.47272451231858464	-0.16638876452661044	0.038690625969319464	-1.6159686329887724	0.9495333396365531	-0.1265009417928592	0.8708467849734157	0.02494821149062964	1.5098945786175937	-1.148104530307528	-1.108581309289909	-0.30885571319087546	-0.4057264790975332	0.7366197911922701
1.49125447018418	0.23229063227797217	0.4322079883757657	0.3450911969103522	0.47805202048134615	0.3445743075974022	-0.34317427271174056	0.68200343061171	-1.1191094631780436	1.699678489263469	1.6704635064190283	0.49304957467744714	-0.9395621755813065	-0.743467764131403	-0.6747616437741017
-1.4549642251359187	0.18065217942926512	-0.9787526744029388	-0.8156871080783565	0.12712343803383333	0.8543689131541015	-1.203757998529035	0.1140659195525325	-1.2701043412359894	1.8226638250053042	-0.7790141720478365	0.5936812655312269	-1.0524916716442703	0.11751669507293896	-1.61327823364024
0.7062613806757141	0.4817295363833856	0.11540424600693837	-0.0714661127247101	-1.4906762602091932	1.4389871716154785	-1.3229042046007056	0.18809648893181594	-0.054508262135192824	1.5765419258682902	1.2114114388779815	-0.8157838054389109	-0.5766637607865955	1.10754017824861	-3.163372270000332
1.1007393862663846	0.15185800769396773	0.3834922417253056	-0.9743372430954484	0.6777777156950557	0.8837308453075096	-1.427942632388265	0.8559242809911655	-0.7625488281883824	1.886174029112211	-0.8918832074118521	0.5908058880107769	-1.3067919966351371	-1.2142394130261456	-2.5396542405555773
-1.4297986412161723	0.3821695797835814	-0.1976294633411063	0.2706099435487761	-0.28888240834804946	1.3219891077475026	-0.38278545325480473	0.8930214385728893	-0.4747885964699435	1.6049755876390646	0.8579770195319133	0.18923527557160447	-0.8283550344481662	-0.16589014159565693	-1.8988663122068172
0.5881597403044434	-0.05656921953176019	1.0249076402964044	-1.1462175725430268	-0.7573316719588373	0.8585800609188137	-1.747857527846425	0.4715486476379408	-1.8051218550166863	2.063261446782601	-0.21545197616756864	-0.844666203200321	-1.5981875182085148	1.2436299343232968	-2.207457624631172
1.0175674171093634	0.5132552272500471	-0.5760622828443476	0.04583753127123538	-0.07748451025885454	1.7311823516781544	-0.7124689463883297	0.34764274494248604	-0.6155218996144	1.5556303435886427	-0.3285953384156699	0.9225254513817568	-0.7413419566274546	-1.2605821410406197	-2.7985516088426996
-1.5266752563375292	0.08835710269671074	1.1990820234295991	-0.2724391729098834	-0.0060381042918437764	0.9322459473507656	-1.8438343717444694	0.881525979083022	-1.2214479427101599	1.9695147868120881	0.23069871773385206	0.21101923335739406	-1.3507428074733026	-0.05347757938799207	-2.1402318605834725
0.6629715019706238	0.5524690082206778	-0.48719682013417903	0.34589018105732605	-1.3690746190174465	1.8034689411206288	-0.8733894303042855	1.2204358511678781	0.046163286040763585	1.5363268467680256	-1.256904658376895	-0.7792546326869392	-0.5033205943580314	1.2662546764587597	-1.2543906823061741
1.2658199501352856	0.19951647897271008	0.7042484746160319	0.4494288552523415	0.7246795507692207	1.0406791624213105	-1.7056299290721246	0.44117130673191596	-1.1240375957084001	1.8208636072589168	0.5813399117859434	0.5830211085246352	-0.8774308516357553	-0.9356425198871332	-0.18796157204599423
-1.3692121482708055	0.5884297392189929	-0.6137598220167787	-0.10346234257907223	0.12112705524540321	1.6162616075230738	-0.6152600968744311	-0.8308050239529824	-1.2196753826014013	1.471627736011357	-1.2276025809700604	0.9358940412719937	-0.5157696901036377	0.49341311551407885	0.42891927279597203
0.037335684449289794	0.0823314416866331	1.1932647885035748	0.3128314676463828	-1.350603909250747	0.7703339109598363	-0.7977721915622975	-1.847943416361198	-0.8789436069411991	1.882045715307645	1.2397279194226927	-1.232487942617172	-1.0119175614458291	0.07548350308010865	0.16184682687907204
0.9975846886517258	0.07265209493647841	-1.4831143184447684	-0.5671297968888219	1.503416057890753	0.6069194315329196	-0.5315503610241611	-1.3577725878113536	0.23588600933871448	1.9532383603011079	-0.9156862323900637	-0.10496773399811866	-1.394525610414114	0.5454117975666176	-0.554543778479189
-0.10664515599850853	0.4198599687487509	0.4257299722591896	0.34160507894010683	-0.7563126272113321	1.2203745842440337	-0.6704413999682333	-1.734468100241549	1.5189589887648824	1.5984550719483825	1.2231642295879044	1.4425143593987904	-0.5228395505564635	0.0089563463611917	-0.9427160502255779
-0.9398383894992978	-0.1592814029697202	0.4685266528073767	-1.5214159703703616	-0.06643442976078091	0.3544100778577478	-0.6856476670034546	-1.710712926376323	0.4387465052907091	2.160507441956156	-0.3292084708644279	-0.9559563183046184	-1.8348561544870996	-0.828363265501783	-0.6941741978327854
0.817181666512149	0.46125549685611705	-0.06626718587602085	0.35248426807684796	0.872513612665745	1.0620445907151455	0.28822503606446565	-1.8305082325363056	0.8441212098025227	1.5950727426284883	-0.22131966452039525	-0.5107168291868871	-1.0127851203068206	1.468643315041158	-0.36543606990332633
0.514939888056334	-0.033094002664058764	0.5456130183708748	-0.3204557888526481	-0.10954203511701766	0.39311848846116426	-0.9736716836127581	-2.0498449510195265	-0.6391740835416079	2.036262300386985	0.6303542839399452	1.437890259569031	-1.2757440086408938	-1.1136976724160275	0.04122088402274508
-1.2040917044231925	0.13452585176744675	0.16627671997789603	0.3799507674442317	0.349386340125366	0.965129213496796	-0.3160786468155483	-1.4408624118468334	0.0062012702736957605	1.9162026501553415	-1.6250007753106273	-1.0732193162820123	-1.363960012046753	-0.7132232126894711	0.39085586277943407
0.9791249551254709	0.06479754996177553	-0.08171916263462792	-0.16365510205442924	1.2978728456185853	1.0073371368662094	-0.6982544884438429	-0.9829490771122971	0.5364568571962963	1.9111924452241287	1.3544715645731171	-0.06455944986710666	-1.2844314149430072	0.38440662798943426	0.16545540792803898
-0.9289865557843997	-0.11873296692318039	0.2686633901008863	-0.3860015105188941	-0.12008441071987364	0.6443642090414117	-1.577953208519619	0.1372138709413937	1.3798822121975394	2.1448861111137485	-1.074315827124579	1.0077641716357595	-1.496005991126134	0.3584755928696477	1.1166300737098451
0.32633803882296925	0.24920890787249442	-2.3835604464094313	0.0206559506977458	-1.2024263099856465	1.2804394602738678	-1.6390308483788867	0.6793504367224269	2.835245109311675	1.7882020658098898	0.8973797137161974	-0.6679201986008398	-0.5218646392825967	0.8791058645891002	1.4818713042995026
